[{"model": "data.province", "pk": 1, "fields": {"name": "\u6e56\u5317\u7701"}}, {"model": "data.city", "pk": 1, "fields": {"name": "\u6b66\u6c49\u5e02", "province": 1}}, {"model": "data.city", "pk": 2, "fields": {"name": "\u5b5d\u611f\u5e02", "province": 1}}, {"model": "data.zone", "pk": 1, "fields": {"name": "\u6c8c\u53e3\u5f00\u53d1\u533a", "city": 1}}, {"model": "data.zone", "pk": 2, "fields": {"name": "\u91d1\u6e2f\u65b0\u533a", "city": 1}}, {"model": "data.zone", "pk": 3, "fields": {"name": "\u5e38\u798f", "city": 1}}, {"model": "data.zone", "pk": 4, "fields": {"name": "\u5953\u5c71", "city": 1}}, {"model": "data.zone", "pk": 5, "fields": {"name": "\u6c49\u5357\u533a", "city": 1}}, {"model": "data.zone", "pk": 6, "fields": {"name": "\u4e1c\u897f\u6e56", "city": 1}}, {"model": "data.zone", "pk": 7, "fields": {"name": "\u91d1\u94f6\u6f6d\u5f00\u53d1\u533a", "city": 1}}, {"model": "data.zone", "pk": 8, "fields": {"name": "\u8521\u7538\u533a", "city": 1}}, {"model": "data.zone", "pk": 9, "fields": {"name": "\u5927\u6865\u65b0\u533a", "city": 1}}, {"model": "data.zone", "pk": 10, "fields": {"name": "\u785a\u53e3\u533a", "city": 1}}, {"model": "data.zone", "pk": 11, "fields": {"name": "\u6c5f\u590f\u533a", "city": 1}}, {"model": "data.zone", "pk": 12, "fields": {"name": "\u4e1c\u6e56\u5f00\u53d1\u533a", "city": 1}}, {"model": "data.zone", "pk": 13, "fields": {"name": "\u6bdb\u9648\u9547", "city": 2}}, {"model": "data.zone", "pk": 14, "fields": {"name": "\u5b5d\u611f\u9ad8\u65b0\u533a", "city": 2}}, {"model": "data.zone", "pk": 15, "fields": {"name": "\u6c49\u9633\u533a", "city": 1}}, {"model": "data.zone", "pk": 17, "fields": {"name": "\u5b5d\u611f\u5e02\u533a", "city": 2}}, {"model": "data.zone", "pk": 18, "fields": {"name": "\u65b0\u6d32\u533a", "city": 1}}, {"model": "data.address", "pk": 5, "fields": {"name": "\u67ab\u6811\u4e8c\u8def51\u53f7", "zone": 1}}, {"model": "data.address", "pk": 6, "fields": {"name": "56MD\u5730\u5757", "zone": 1}}, {"model": "data.address", "pk": 7, "fields": {"name": "\u9f99\u738b\u5de5\u4e1a\u56ed", "zone": 1}}, {"model": "data.address", "pk": 8, "fields": {"name": "\u9a6c\u65af\u7279\u4e8c\u533a", "zone": 3}}, {"model": "data.address", "pk": 9, "fields": {"name": "\u9526\u9f99\u8def8\u53f7", "zone": 1}}, {"model": "data.address", "pk": 11, "fields": {"name": "\u6c8c\u9633\u5927\u9053339\u53f7", "zone": 1}}, {"model": "data.address", "pk": 12, "fields": {"name": "\u5953\u5c71\u8857\u53cc\u4e30\u6751\u72798\u53f7", "zone": 4}}, {"model": "data.address", "pk": 14, "fields": {"name": "\u96ea\u4f5b\u5170\u5927\u90538\u53f7", "zone": 2}}, {"model": "data.address", "pk": 15, "fields": {"name": "\u5e38\u559c\u8def\u4ee5\u5357", "zone": 3}}, {"model": "data.address", "pk": 17, "fields": {"name": "\u5b89\u5409\u4e1c\u8def1\u53f7", "zone": 2}}, {"model": "data.address", "pk": 18, "fields": {"name": "\u6cfe\u6cb3\u8def15\u53f7", "zone": 6}}, {"model": "data.address", "pk": 19, "fields": {"name": "\u94f6\u6f6d\u8def", "zone": 7}}, {"model": "data.address", "pk": 20, "fields": {"name": "\u5929\u9e45\u6e56\u897f\u677f\u6865", "zone": 8}}, {"model": "data.address", "pk": 21, "fields": {"name": "\u73e0\u5c71\u6e56\u5927\u9053799\u53f7", "zone": 1}}, {"model": "data.address", "pk": 22, "fields": {"name": "\u82b1\u5cad\u5de5\u4e1a\u56ed\u5185\u4e09\u671f\u5341\u4e8c\u53f7\u5382\u623f", "zone": 9}}, {"model": "data.address", "pk": 23, "fields": {"name": "\u5e38\u5347\u8def", "zone": 3}}, {"model": "data.address", "pk": 26, "fields": {"name": "\u4e2d\u539f\u5de5\u4e1a\u6e90", "zone": 4}}, {"model": "data.address", "pk": 27, "fields": {"name": "\u5174\u57ce\u5927\u9053\u5174\u56db\u8def99\u53f7", "zone": 5}}, {"model": "data.address", "pk": 28, "fields": {"name": "\u67ab\u6811\u4e94\u8def8\u53f7", "zone": 1}}, {"model": "data.address", "pk": 30, "fields": {"name": "\u67ab\u6811\u4e94\u8def", "zone": 1}}, {"model": "data.address", "pk": 31, "fields": {"name": "\u5e38\u7984\u5927\u9053\u4ee5\u5357", "zone": 3}}, {"model": "data.address", "pk": 33, "fields": {"name": "\u661f\u5149\u5efa\u6750\u57ce\u65c1", "zone": 4}}, {"model": "data.address", "pk": 34, "fields": {"name": "\u897f\u5317\u6e56\u56db\u8def", "zone": 1}}, {"model": "data.address", "pk": 36, "fields": {"name": "\u5168\u529b\u4e94\u8def59\u53f7", "zone": 1}}, {"model": "data.address", "pk": 37, "fields": {"name": "\u94f6\u83b2\u8def67-1\u53f7", "zone": 5}}, {"model": "data.address", "pk": 38, "fields": {"name": "\u4e09\u5e97\u519c\u573a\u56db\u5927\u961f", "zone": 6}}, {"model": "data.address", "pk": 39, "fields": {"name": "\u534e\u8fb0\u5de5\u4e1a\u56ed", "zone": 4}}, {"model": "data.address", "pk": 40, "fields": {"name": "\u4e8c\u96c5\u8def", "zone": 6}}, {"model": "data.address", "pk": 41, "fields": {"name": "\u4e2d\u539f\u5de5\u4e1a\u56ed", "zone": 4}}, {"model": "data.address", "pk": 43, "fields": {"name": "\u5434\u5bb6\u5c71\u5341\u5168\u8def", "zone": 6}}, {"model": "data.address", "pk": 44, "fields": {"name": "\u5341\u5168\u8def", "zone": 6}}, {"model": "data.address", "pk": 46, "fields": {"name": "\u6c11\u8425\u79d1\u6280\u5de5\u4e1a\u56ed\uff16\u533a", "zone": 8}}, {"model": "data.address", "pk": 47, "fields": {"name": "\u534e\u9f0e\u5de5\u4e1a\u56edC\u533a", "zone": 5}}, {"model": "data.address", "pk": 48, "fields": {"name": "\u9769\u65b0\u5927\u9053366\u53f7", "zone": 6}}, {"model": "data.address", "pk": 49, "fields": {"name": "\u96ea\u4f5b\u5170\u5927\u905318\u53f7", "zone": 2}}, {"model": "data.address", "pk": 50, "fields": {"name": "\u521b\u4e1a\u4e09\u8def", "zone": 1}}, {"model": "data.address", "pk": 51, "fields": {"name": "\u9769\u65b0\u5927\u905319\u53f7", "zone": 6}}, {"model": "data.address", "pk": 52, "fields": {"name": "\u5174\u56db\u8def", "zone": 5}}, {"model": "data.address", "pk": 53, "fields": {"name": "\u56e2\u7ed3\u8857181\u53f7", "zone": 6}}, {"model": "data.address", "pk": 54, "fields": {"name": "\u521b\u4e1a\u8def41\u53f7", "zone": 1}}, {"model": "data.address", "pk": 55, "fields": {"name": "\u5174\u56db\u8def150\u53f7", "zone": 5}}, {"model": "data.address", "pk": 56, "fields": {"name": "\u5e38\u798f\u65b0\u57ce", "zone": 3}}, {"model": "data.address", "pk": 57, "fields": {"name": "\u901a\u7528\u5927\u905318\u53f7", "zone": 2}}, {"model": "data.address", "pk": 58, "fields": {"name": "\u5c06\u519b\u8def12\u53f7", "zone": 7}}, {"model": "data.address", "pk": 59, "fields": {"name": "\u957f\u4e30\u4e8c\u8def", "zone": 10}}, {"model": "data.address", "pk": 60, "fields": {"name": "\u5174\u4e94\u8def8\u53f7", "zone": 5}}, {"model": "data.address", "pk": 61, "fields": {"name": "\u5e38\u8d35\u5357\u8def", "zone": 3}}, {"model": "data.address", "pk": 62, "fields": {"name": "\u661f\u5149\u5de5\u4e1a\u56edA\u533a3\u53f7\u5382\u623f", "zone": 4}}, {"model": "data.address", "pk": 64, "fields": {"name": "\u7ea2\u7130\u6751", "zone": 4}}, {"model": "data.address", "pk": 65, "fields": {"name": "\u5174\u534e\u8def", "zone": 1}}, {"model": "data.address", "pk": 66, "fields": {"name": "\u73e0\u5c71\u6e56\u5927\u905393\u53f7", "zone": 1}}, {"model": "data.address", "pk": 67, "fields": {"name": "\u767d\u9e64\u6cc9\u897f\u8def158\u53f7", "zone": 4}}, {"model": "data.address", "pk": 68, "fields": {"name": "\u65b9\u9f0e\u6c7d\u914d\u5de5\u4e1a\u56ed\u4e00\u671f", "zone": 5}}, {"model": "data.address", "pk": 69, "fields": {"name": "\u5c06\u519b\u56db\u8def22\u53f7", "zone": 6}}, {"model": "data.address", "pk": 70, "fields": {"name": "\u4f5b\u7956\u5cad\u4e09\u8def7\u53f7", "zone": 12}}, {"model": "data.address", "pk": 71, "fields": {"name": "\u5174\u76db\u8def157\u53f7", "zone": 5}}, {"model": "data.address", "pk": 72, "fields": {"name": "\u6a80\u6811\u6751\u745e\u798f\u5fb7\u5de5\u4e1a\u56ed", "zone": 4}}, {"model": "data.address", "pk": 73, "fields": {"name": "\u987a\u5a01\u7535\u5668\u5185", "zone": 5}}, {"model": "data.address", "pk": 74, "fields": {"name": "\u5168\u529b\u5317\u56db\u8def", "zone": 1}}, {"model": "data.address", "pk": 75, "fields": {"name": "\u957f\u98ce\u8def31\u53f7", "zone": 10}}, {"model": "data.address", "pk": 76, "fields": {"name": "\u7126\u6e56\u793e\u533a\u534e\u4e2d\u6a21\u5177\u57ceB1-2\u5382\u623f", "zone": 13}}, {"model": "data.address", "pk": 77, "fields": {"name": "\u6c11\u8425\u79d1\u6280\u5de5\u4e1a\u56ed\u4e03\u533a6\u53f7\u5382\u623f", "zone": 1}}, {"model": "data.address", "pk": 78, "fields": {"name": "\u7eb1\u5e3d\u8857\u9661\u57e0\u6751", "zone": 5}}, {"model": "data.address", "pk": 81, "fields": {"name": "\u5b5d\u6c49\u5927\u9053\u7eb5\u56db\u8def8\u53f7", "zone": 14}}, {"model": "data.address", "pk": 82, "fields": {"name": "\u6c11\u8425\u79d1\u6280\u5de5\u4e1a\u56ed\u4e03\u533a9\u53f7\u5382\u623f", "zone": 1}}, {"model": "data.address", "pk": 83, "fields": {"name": "\u7eb1\u5e3d\u8857\u6c5f\u4e0b\u6751780\u53f7", "zone": 5}}, {"model": "data.address", "pk": 84, "fields": {"name": "\u9ad8\u6e90\u5de5\u4e1a\u56ed", "zone": 5}}, {"model": "data.address", "pk": 85, "fields": {"name": "\u5174\u534e\u5927\u905338\u53f7", "zone": 1}}, {"model": "data.address", "pk": 86, "fields": {"name": "\u6734\u7530\u5de5\u4e1a\u56ed", "zone": 4}}, {"model": "data.address", "pk": 87, "fields": {"name": "\u73e0\u5c71\u6e56\u5927\u9053139\u53f7", "zone": 1}}, {"model": "data.address", "pk": 88, "fields": {"name": "\u5e38\u798f\u65b0\u57ce\u542f\u52a8\u533a4\u53f7\u57303\u53f7\u697c", "zone": 3}}, {"model": "data.address", "pk": 89, "fields": {"name": "\u4e4c\u91d1\u5de5\u4e1a\u56ed", "zone": 5}}, {"model": "data.address", "pk": 90, "fields": {"name": "\u521b\u4e1a2\u8def7\u53f7", "zone": 1}}, {"model": "data.address", "pk": 91, "fields": {"name": "\u5168\u529b\u5357\u8def8\u53f7", "zone": 1}}, {"model": "data.address", "pk": 92, "fields": {"name": "\u534e\u9f0e\u6a21\u5177\u5de5\u4e1a\u56ed3\u680b", "zone": 5}}, {"model": "data.address", "pk": 93, "fields": {"name": "\u5434\u5bb6\u5c71\u4e5d\u901a\u8def14\u53f7", "zone": 6}}, {"model": "data.address", "pk": 94, "fields": {"name": "\u9ec4\u91d1\u53e3\u5de5\u4e1a\u56ed\u91d1\u8272\u73af\u8def9\u53f7", "zone": 15}}, {"model": "data.address", "pk": 95, "fields": {"name": "\u67ab\u6811\u4e8c\u8def33\u53f7", "zone": 1}}, {"model": "data.address", "pk": 96, "fields": {"name": "\u4e5d\u592b\u5c0f\u8def\uff13\u53f7", "zone": 12}}, {"model": "data.address", "pk": 97, "fields": {"name": "\u96ea\u4f5b\u5170\u5927\u90531\u53f7", "zone": 2}}, {"model": "data.address", "pk": 98, "fields": {"name": "\u4e1c\u897f\u6e56\u533a\u5f84\u6cb3\u8857\u5434\u5317\u8def513\u53f7", "zone": 6}}, {"model": "data.address", "pk": 99, "fields": {"name": "\u5e38\u798f\u5de5\u4e1a\u56ed19\u53f7", "zone": 3}}, {"model": "data.address", "pk": 100, "fields": {"name": "\u5953\u5c71\u8857\u767d\u9e64\u6cc9\u4e1c\u8def188\u53f7", "zone": 4}}, {"model": "data.address", "pk": 101, "fields": {"name": "\u8587\u6e56\u8def\u897f\u8def\u73af\u4fdd\u6c34\u5904\u7406\u8bbe\u5907\u5236\u90209\u53f7\u5382\u623f\u4e8c1\u5c42", "zone": 5}}, {"model": "data.address", "pk": 102, "fields": {"name": "\u65b0\u57ce\u5341\u4e09\u8def\uff13\u53f7", "zone": 5}}, {"model": "data.address", "pk": 103, "fields": {"name": "\u4e07\u5bb6\u6e56187\u53f7", "zone": 1}}, {"model": "data.address", "pk": 104, "fields": {"name": "\u897f\u5317\u6e56\u4e8c\u8def\uff19\u53f7\u4fdd\u5f97\u5de5\u4e1a\u56ed", "zone": 1}}, {"model": "data.address", "pk": 105, "fields": {"name": "\u5e38\u798f\u5927\u9053", "zone": 3}}, {"model": "data.address", "pk": 106, "fields": {"name": "\u73e0\u5c71\u6e56\u5927\u905340\u53f7", "zone": 1}}, {"model": "data.address", "pk": 107, "fields": {"name": "\u7843\u5c71\u6e56\u5927\u9053789\u53f7\u529e\u516c\u697c\u4e8c\u5c42", "zone": 1}}, {"model": "data.address", "pk": 108, "fields": {"name": "\u5149\u8f89\u8fc8\u7279\u56ed\u533a\uff13\u53f7", "zone": 3}}, {"model": "data.address", "pk": 109, "fields": {"name": "\u534e\u9f0e\u6a21\u5177\u5de5\u4e1a\u56edA44", "zone": 5}}, {"model": "data.address", "pk": 110, "fields": {"name": "\u5e38\u798f\u5de5\u4e1a\u793a\u8303\u56ed\u5e38\u5174\u8def11\u53f7", "zone": 3}}, {"model": "data.address", "pk": 111, "fields": {"name": "\u8f66\u57ce\u5357\u8def68\u53f7", "zone": 1}}, {"model": "data.address", "pk": 112, "fields": {"name": "\u798f\u5de5\u4e1a\u793a\u8303\u56ed\u5e38\u7984\u5927\u9053\u4ee5\u5357", "zone": 3}}, {"model": "data.address", "pk": 113, "fields": {"name": "\u8f66\u57ce\u4e1c\u8def164\u53f7", "zone": 1}}, {"model": "data.address", "pk": 114, "fields": {"name": "\u521b\u4e1a\u8def198\u53f7", "zone": 1}}, {"model": "data.address", "pk": 115, "fields": {"name": "\u5434\u5bb6\u5c71\u4e94\u652f\u6c9f\u56e2\u7ed3\u5927\u9053\u5357", "zone": 6}}, {"model": "data.address", "pk": 116, "fields": {"name": "\u521b\u4e1a\u8def190\u53f7", "zone": 1}}, {"model": "data.address", "pk": 117, "fields": {"name": "\u521b\u4e1a\u56db\u8def\uff133\u53f7", "zone": 1}}, {"model": "data.address", "pk": 118, "fields": {"name": "\u5174\u76db\u8def151\u53f7", "zone": 5}}, {"model": "data.address", "pk": 119, "fields": {"name": "\u4e1c\u98ce\u5927\u9053268\u53f7", "zone": 1}}, {"model": "data.address", "pk": 120, "fields": {"name": "\u745e\u9633\u5927\u905338\u53f7", "zone": 17}}, {"model": "data.address", "pk": 121, "fields": {"name": "\u5f00\u53d1\u533a\u6c11\u8425\u79d1\u6280\u56ed\u4e1c\u533aF\u680b", "zone": 1}}, {"model": "data.address", "pk": 122, "fields": {"name": "\u5e78\u798f\u5de5\u4e1a\u56ed", "zone": 5}}, {"model": "data.address", "pk": 123, "fields": {"name": "\u5149\u8c37\u5927\u9053299\u53f7", "zone": 11}}, {"model": "data.address", "pk": 124, "fields": {"name": "\u516d\u987a\u8def68\u53f7", "zone": 6}}, {"model": "data.address", "pk": 125, "fields": {"name": "\u5e38\u5347\u8def\u4ee5\u5357", "zone": 3}}, {"model": "data.address", "pk": 126, "fields": {"name": "\u8587\u6e56\u897f\u8def392\u53f7", "zone": 5}}, {"model": "data.address", "pk": 127, "fields": {"name": "\u5174\u4e03\u8def", "zone": 5}}, {"model": "data.address", "pk": 128, "fields": {"name": "\u6c5f\u57ce\u5927\u9053545\u53f7", "zone": 1}}, {"model": "data.address", "pk": 129, "fields": {"name": "\u5e38\u798f\u5de5\u4e1a\u56ed16\u53f7", "zone": 3}}, {"model": "data.address", "pk": 130, "fields": {"name": "\u51e4\u4ead\u4e00\u8def22\u53f7", "zone": 1}}, {"model": "data.address", "pk": 131, "fields": {"name": "\u5e38\u798f\u5de5\u4e1a\u793a\u8303\u56ed", "zone": 3}}, {"model": "data.address", "pk": 132, "fields": {"name": "\u6c49\u5357\u5927\u9053458\u53f7", "zone": 5}}, {"model": "data.address", "pk": 133, "fields": {"name": "\u8d70\u9a6c\u5cad\u98df\u54c1\u4e00\u8def12\u53f7", "zone": 6}}, {"model": "data.address", "pk": 134, "fields": {"name": "\u661f\u5149\u5de5\u4e1a\u56edA\u533a", "zone": 3}}, {"model": "data.address", "pk": 135, "fields": {"name": "\u534e\u9f0e\u6a21\u5177\u5de5\u4e1a\u56ed", "zone": 5}}, {"model": "data.address", "pk": 136, "fields": {"name": "\u67ab\u6811\u4e8c\u8def\u6c11\u8425\u5de5\u4e1a\u56ed\uff12\u533a12", "zone": 1}}, {"model": "data.address", "pk": 137, "fields": {"name": "\u7eb8\u574a\u8857\u4f55\u5bb6\u6e56\u6751", "zone": 11}}, {"model": "data.address", "pk": 138, "fields": {"name": "\u51ef\u8fea\u62c9\u514b\u5927\u905368\u53f7", "zone": 2}}, {"model": "data.address", "pk": 139, "fields": {"name": "\u7eb1\u5e3d\u6b63\u8857508\u53f7", "zone": 5}}, {"model": "data.address", "pk": 140, "fields": {"name": "\u521b\u4e1a\u4e09\u8def28\u53f7", "zone": 1}}, {"model": "data.address", "pk": 141, "fields": {"name": "\u8d70\u9a6c\u5cad\u519c\u573a\u6253\u9776\u5824", "zone": 6}}, {"model": "data.address", "pk": 142, "fields": {"name": "\u73e0\u5c71\u6e56\u5927\u9053111\u53f7", "zone": 1}}, {"model": "data.address", "pk": 143, "fields": {"name": "\u7530\u56ed\u5927\u905325\u53f7", "zone": 6}}, {"model": "data.address", "pk": 144, "fields": {"name": "\u6587\u660c\u8def\u72791\u53f7", "zone": 14}}, {"model": "data.address", "pk": 145, "fields": {"name": "\u5e38\u798f4\u53f7\u533a\u57df", "zone": 3}}, {"model": "data.address", "pk": 146, "fields": {"name": "\u7ea2\u5c97\u6751", "zone": 18}}, {"model": "data.address", "pk": 147, "fields": {"name": "\u5e99\u5c71\u4e2d\u8def\u5174\u56ed\u5de5\u4e1a\u56ed", "zone": 12}}, {"model": "data.address", "pk": 148, "fields": {"name": "\u6e2f\u8fb9\u7530\u4e00\u8def", "zone": 12}}, {"model": "data.address", "pk": 149, "fields": {"name": "\u9ad8\u65b0\u5927\u9053999\u53f7", "zone": 12}}, {"model": "data.property", "pk": 1, "fields": {"name": "\u6c11\u8425"}}, {"model": "data.property", "pk": 2, "fields": {"name": "\u5408\u8d44"}}, {"model": "data.property", "pk": 3, "fields": {"name": "\u5916\u8d44"}}, {"model": "data.industry", "pk": 1, "fields": {"name": "\u6c7d\u8f66\u5236\u9020", "info": null}}, {"model": "data.industry", "pk": 2, "fields": {"name": "\u5bb6\u7528\u7535\u5668", "info": null}}, {"model": "data.industry", "pk": 3, "fields": {"name": "\u7269\u6d41", "info": null}}, {"model": "data.industry", "pk": 4, "fields": {"name": "\u5305\u88c5", "info": null}}, {"model": "data.industry", "pk": 5, "fields": {"name": "\u5370\u5237", "info": null}}, {"model": "data.industry", "pk": 6, "fields": {"name": "\u6ce8\u5851", "info": null}}, {"model": "data.industry", "pk": 7, "fields": {"name": "\u538b\u94f8", "info": null}}, {"model": "data.industry", "pk": 8, "fields": {"name": "\u51b2\u538b", "info": null}}, {"model": "data.industry", "pk": 9, "fields": {"name": "\u94f8\u9020", "info": null}}, {"model": "data.industry", "pk": 10, "fields": {"name": "\u91d1\u5c5e\u52a0\u5de5", "info": null}}, {"model": "data.industry", "pk": 11, "fields": {"name": "\u6728\u6750\u52a0\u5de5", "info": null}}, {"model": "data.industry", "pk": 12, "fields": {"name": "\u55b7\u6d82", "info": null}}, {"model": "data.industry", "pk": 13, "fields": {"name": "\u73bb\u7483", "info": null}}, {"model": "data.industry", "pk": 14, "fields": {"name": "\u5efa\u7b51", "info": null}}, {"model": "data.industry", "pk": 15, "fields": {"name": "\u7535\u7f06", "info": null}}, {"model": "data.industry", "pk": 16, "fields": {"name": "\u7535\u6c60", "info": null}}, {"model": "data.industry", "pk": 17, "fields": {"name": "\u6d82\u6599", "info": null}}, {"model": "data.industry", "pk": 18, "fields": {"name": "\u98df\u7528\u6cb9", "info": null}}, {"model": "data.industry", "pk": 19, "fields": {"name": "\u7535\u673a", "info": null}}, {"model": "data.industry", "pk": 20, "fields": {"name": "\u996e\u6599", "info": null}}, {"model": "data.industry", "pk": 21, "fields": {"name": "\u9972\u6599", "info": null}}, {"model": "data.industry", "pk": 22, "fields": {"name": "\u98df\u54c1", "info": null}}, {"model": "data.industry", "pk": 23, "fields": {"name": "\u6a61\u80f6", "info": null}}, {"model": "data.company", "pk": 1, "fields": {"name": "\u4e1c\u98ce\u8d1d\u6d31\u70ed\u7cfb\u7edf\u6709\u9650\u516c\u53f8", "property": 1, "is_success": false, "info": "", "create_time": "2018-06-20", "modify_time": "2018-06-20", "address": 30, "industry": [1]}}, {"model": "data.company", "pk": 2, "fields": {"name": "\u4e1c\u98ce\u5bcc\u58eb\u6c64\u59c6\u68ee\u8c03\u6e29\u5668\u6709\u9650\u516c\u53f8", "property": 1, "is_success": false, "info": null, "create_time": "2018-06-20", "modify_time": "2018-06-20", "address": 5, "industry": [1]}}, {"model": "data.company", "pk": 3, "fields": {"name": "\u4e1c\u98ce\u5b89\u9053\u62d3\u6c7d\u8f66\u5ea7\u6905\u6709\u9650\u516c\u53f8", "property": 1, "is_success": false, "info": null, "create_time": "2018-06-20", "modify_time": "2018-06-20", "address": 6, "industry": [1]}}, {"model": "data.company", "pk": 5, "fields": {"name": "\u6b66\u6c49\u4e1c\u4e30\u7269\u6d41\u6709\u9650\u516c\u53f8", "property": 1, "is_success": false, "info": null, "create_time": "2018-06-20", "modify_time": "2018-06-20", "address": 7, "industry": [3]}}, {"model": "data.company", "pk": 6, "fields": {"name": "\u6b66\u6c49\u4e1c\u8054\u901a\u7528\u6c7d\u8f66\u9970\u4ef6\u6709\u9650\u516c\u53f8", "property": 1, "is_success": false, "info": null, "create_time": "2018-06-20", "modify_time": "2018-06-20", "address": 8, "industry": [6, 1]}}, {"model": "data.company", "pk": 7, "fields": {"name": "\u6b66\u6c49\u8fea\u514b\u7cbe\u51b2\u6709\u9650\u516c\u53f8", "property": 1, "is_success": false, "info": null, "create_time": "2018-06-20", "modify_time": "2018-06-20", "address": 9, "industry": [8]}}, {"model": "data.company", "pk": 8, "fields": {"name": "\u6b66\u6c49\u4e30\u5229\u8fbe\u6c7d\u8f66\u914d\u4ef6\u6709\u9650\u516c\u53f8", "property": 1, "is_success": false, "info": "", "create_time": "2018-06-20", "modify_time": "2018-06-20", "address": 131, "industry": [1]}}, {"model": "data.company", "pk": 9, "fields": {"name": "\u4e1c\u98ce\u4f5b\u5409\u4e9a\u6c7d\u8f66\u5185\u9970\u6709\u9650\u516c\u53f8", "property": 1, "is_success": false, "info": null, "create_time": "2018-06-20", "modify_time": "2018-06-20", "address": 11, "industry": [1]}}, {"model": "data.company", "pk": 10, "fields": {"name": "\u6b66\u6c49\u5e02\u5bcc\u4ec1\u7a7a\u8c03\u8bbe\u5907\u6709\u9650\u516c\u53f8", "property": 1, "is_success": false, "info": null, "create_time": "2018-06-20", "modify_time": "2018-06-20", "address": 12, "industry": [8]}}, {"model": "data.company", "pk": 11, "fields": {"name": "\u6b66\u6c49\u683c\u96c5\u79d1\u6280\u6709\u9650\u516c\u53f8", "property": 1, "is_success": false, "info": "", "create_time": "2018-06-20", "modify_time": "2018-06-20", "address": 122, "industry": [6, 2]}}, {"model": "data.company", "pk": 12, "fields": {"name": "\u5e7f\u4e1c\u9e3f\u56fe\u6b66\u6c49\u538b\u94f8\u6709\u9650\u516c\u53f8", "property": 1, "is_success": false, "info": null, "create_time": "2018-06-20", "modify_time": "2018-06-20", "address": 14, "industry": [7]}}, {"model": "data.company", "pk": 13, "fields": {"name": "\u6b66\u6c49\u6d77\u9f99\u6a21\u5851\u6709\u9650\u516c\u53f8", "property": 1, "is_success": false, "info": null, "create_time": "2018-06-20", "modify_time": "2018-06-20", "address": 15, "industry": [6]}}, {"model": "data.company", "pk": 14, "fields": {"name": "\u6b66\u6c49\u7ff0\u5f69\u5305\u88c5\u6709\u9650\u516c\u53f8", "property": 1, "is_success": false, "info": null, "create_time": "2018-06-20", "modify_time": "2018-06-20", "address": 47, "industry": [5, 4]}}, {"model": "data.company", "pk": 15, "fields": {"name": "\u6b66\u6c49\u5965\u529b\u5a01\u6c7d\u8f66\u90e8\u4ef6\u6709\u9650\u516c\u53f8", "property": 1, "is_success": false, "info": null, "create_time": "2018-06-20", "modify_time": "2018-06-20", "address": 17, "industry": [1]}}, {"model": "data.company", "pk": 16, "fields": {"name": "\u6b66\u6c49\u672c\u7530\u5236\u9501\u6709\u9650\u516c\u53f8", "property": 1, "is_success": false, "info": null, "create_time": "2018-06-20", "modify_time": "2018-06-20", "address": 18, "industry": [1]}}, {"model": "data.company", "pk": 17, "fields": {"name": "\u79d1\u80fd\u4e9a\u592a\u94f8\u9020\u6709\u9650\u516c\u53f8", "property": 1, "is_success": false, "info": null, "create_time": "2018-06-20", "modify_time": "2018-06-20", "address": 19, "industry": [9, 1]}}, {"model": "data.company", "pk": 18, "fields": {"name": "\u6b66\u6c49\u4fe1\u8fbe\u65f6\u4ee3\u673a\u68b0\u6709\u9650\u516c\u53f8", "property": 1, "is_success": false, "info": null, "create_time": "2018-06-20", "modify_time": "2018-06-20", "address": 20, "industry": [1]}}, {"model": "data.company", "pk": 19, "fields": {"name": "\u5a01\u65af\u5361\u7279\u5de5\u4e1a\u4e2d\u56fd\u6709\u9650\u516c\u53f8", "property": 1, "is_success": false, "info": null, "create_time": "2018-06-20", "modify_time": "2018-06-20", "address": 21, "industry": [9, 1]}}, {"model": "data.company", "pk": 20, "fields": {"name": "\u6e56\u5317\u701a\u6c0f\u6c7d\u8f66\u96f6\u90e8\u4ef6\u6709\u9650\u516c\u53f8", "property": 1, "is_success": false, "info": null, "create_time": "2018-06-20", "modify_time": "2018-06-20", "address": 22, "industry": [1]}}, {"model": "data.company", "pk": 21, "fields": {"name": "\u4e16\u4e9a\uff08\u6e56\u5317\uff09\u6c7d\u8f66\u96f6\u90e8\u4ef6\u6709\u9650\u516c\u53f8", "property": 1, "is_success": false, "info": null, "create_time": "2018-06-20", "modify_time": "2018-06-20", "address": 23, "industry": [1]}}, {"model": "data.company", "pk": 22, "fields": {"name": "\u5e7f\u5dde\u5c0f\u51fa\u94a2\u7ba1\u6709\u9650\u516c\u53f8\u6b66\u6c49\u5206\u516c\u53f8", "property": 1, "is_success": false, "info": null, "create_time": "2018-06-20", "modify_time": "2018-06-20", "address": 135, "industry": [10]}}, {"model": "data.company", "pk": 23, "fields": {"name": "\u6b66\u6c49\u6b23\u4e1a\u5305\u88c5\u6709\u9650\u516c\u53f8", "property": 1, "is_success": false, "info": null, "create_time": "2018-06-20", "modify_time": "2018-06-20", "address": 118, "industry": [4]}}, {"model": "data.company", "pk": 24, "fields": {"name": "\u6b66\u6c49\u878d\u79d1\u6728\u4e1a\u53d1\u5c55\u6709\u9650\u516c\u53f8", "property": 1, "is_success": false, "info": null, "create_time": "2018-06-20", "modify_time": "2018-06-20", "address": 26, "industry": [11]}}, {"model": "data.company", "pk": 25, "fields": {"name": "\u6b66\u6c49\u534e\u8fbe\u6c7d\u8f66\u79d1\u6280\u6b66\u6c49\u6709\u9650\u516c\u53f8", "property": 1, "is_success": false, "info": null, "create_time": "2018-06-20", "modify_time": "2018-06-20", "address": 27, "industry": [10, 1]}}, {"model": "data.company", "pk": 26, "fields": {"name": "\u6b66\u6c49\u4e2d\u822a\u7cbe\u51b2\u6280\u672f\u6709\u9650\u516c\u53f8", "property": 1, "is_success": false, "info": null, "create_time": "2018-06-20", "modify_time": "2018-06-20", "address": 28, "industry": [8, 1]}}, {"model": "data.company", "pk": 27, "fields": {"name": "\u6b66\u6c49\u6770\u54c1\u91d1\u5c5e\u5236\u54c1\u6709\u9650\u516c\u53f8", "property": 1, "is_success": false, "info": "", "create_time": "2018-06-20", "modify_time": "2018-06-20", "address": 122, "industry": [10]}}, {"model": "data.company", "pk": 28, "fields": {"name": "\u4e1c\u98ce\u535a\u6cfd\u6c7d\u8f66\u7cfb\u7edf\u6709\u9650\u516c\u53f8", "property": 1, "is_success": false, "info": "", "create_time": "2018-06-20", "modify_time": "2018-06-20", "address": 30, "industry": [1]}}, {"model": "data.company", "pk": 29, "fields": {"name": "\u6b66\u6c49\u5965\u5fb7\u9a70\u6c7d\u8f66\u90e8\u4ef6\u6709\u9650\u516c\u53f8", "property": 1, "is_success": false, "info": null, "create_time": "2018-06-20", "modify_time": "2018-06-20", "address": 31, "industry": [6, 1]}}, {"model": "data.company", "pk": 30, "fields": {"name": "\u6b66\u6c49\u6210\u534e\u6c7d\u8f66\u9970\u4ef6\u6709\u9650\u516c\u53f8", "property": 1, "is_success": false, "info": "", "create_time": "2018-06-20", "modify_time": "2018-06-20", "address": 122, "industry": [6, 1]}}, {"model": "data.company", "pk": 31, "fields": {"name": "\u6b66\u6c49\u535a\u8054\u79d1\u6280\u53d1\u5c55\u6709\u9650\u516c\u53f8", "property": 1, "is_success": false, "info": null, "create_time": "2018-06-20", "modify_time": "2018-06-20", "address": 33, "industry": [10, 8]}}, {"model": "data.company", "pk": 32, "fields": {"name": "\u6e56\u5317\u5fb7\u91cc\u68ee\u5b9e\u4e1a\u6709\u9650\u516c\u53f8", "property": 1, "is_success": false, "info": null, "create_time": "2018-06-20", "modify_time": "2018-06-20", "address": 34, "industry": [10, 1]}}, {"model": "data.company", "pk": 33, "fields": {"name": "\u6b66\u6c49\u5609\u548c\u4f1f\u4e1a\u6c7d\u8f66\u9970\u4ef6\u6709\u9650\u516c\u53f8", "property": 1, "is_success": false, "info": null, "create_time": "2018-06-20", "modify_time": "2018-06-20", "address": 127, "industry": [12, 1]}}, {"model": "data.company", "pk": 34, "fields": {"name": "\u6b66\u6c49\u5e02\u65b0\u7684\u79d1\u6280\u6709\u9650\u8d23\u4efb\u516c\u53f8", "property": 1, "is_success": false, "info": null, "create_time": "2018-06-20", "modify_time": "2018-06-20", "address": 36, "industry": [12, 2]}}, {"model": "data.company", "pk": 35, "fields": {"name": "\u6b66\u6c49\u5e02\u4e1c\u4e9a\u5408\u6210\u6c7d\u8f66\u90e8\u4ef6\u6709\u9650\u516c\u53f8", "property": 1, "is_success": false, "info": null, "create_time": "2018-06-20", "modify_time": "2018-06-20", "address": 37, "industry": [6, 1]}}, {"model": "data.company", "pk": 36, "fields": {"name": "\u6b66\u6c49\u76ca\u767e\u5e74\u6728\u4e1a\u6709\u9650\u516c\u53f8", "property": 1, "is_success": false, "info": null, "create_time": "2018-06-20", "modify_time": "2018-06-20", "address": 38, "industry": [11]}}, {"model": "data.company", "pk": 37, "fields": {"name": "\u6b66\u6c49\u7533\u7965\u946b\u6d77\u79d1\u6280\u6709\u9650\u516c\u53f8", "property": 1, "is_success": false, "info": null, "create_time": "2018-06-20", "modify_time": "2018-06-20", "address": 39, "industry": [8, 2]}}, {"model": "data.company", "pk": 38, "fields": {"name": "\u6b66\u6c49\u68ee\u535a\u541b\u96e8\u79d1\u6280\u53d1\u5c55\u6709\u9650\u516c\u53f8", "property": 1, "is_success": false, "info": null, "create_time": "2018-06-20", "modify_time": "2018-06-20", "address": 40, "industry": [10]}}, {"model": "data.company", "pk": 39, "fields": {"name": "\u6b66\u6c49\u5e02\u6797\u7f8e\u5c01\u5934\u5236\u9020\u6709\u9650\u516c\u53f8", "property": 1, "is_success": false, "info": null, "create_time": "2018-06-20", "modify_time": "2018-06-20", "address": 41, "industry": [10, 9]}}, {"model": "data.company", "pk": 40, "fields": {"name": "\u6b66\u6c49\u540c\u5408\u5851\u4e1a\u6709\u9650\u516c\u53f8", "property": 1, "is_success": false, "info": null, "create_time": "2018-06-20", "modify_time": "2018-06-20", "address": 134, "industry": [12, 6, 1]}}, {"model": "data.company", "pk": 41, "fields": {"name": "\u6b66\u6c49\u5de5\u8d38\u5bb6\u7535\u6709\u9650\u516c\u53f8", "property": 1, "is_success": false, "info": null, "create_time": "2018-06-20", "modify_time": "2018-06-20", "address": 43, "industry": [2]}}, {"model": "data.company", "pk": 42, "fields": {"name": "\u6b66\u6c49\u521b\u6d01\u5de5\u8d38\u6d17\u5316\u6709\u9650\u5de5", "property": 1, "is_success": false, "info": null, "create_time": "2018-06-20", "modify_time": "2018-06-20", "address": 44, "industry": [3]}}, {"model": "data.company", "pk": 43, "fields": {"name": "\u6b66\u6c49\u6668\u5b87\u7eb8\u4e1a\u6709\u9650\u516c\u53f8", "property": 1, "is_success": false, "info": null, "create_time": "2018-06-20", "modify_time": "2018-06-20", "address": 134, "industry": [5]}}, {"model": "data.company", "pk": 44, "fields": {"name": "\u6b66\u6c49\u5408\u987a\u7269\u6d41\u6709\u9650\u8d23\u4efb\u516c\u53f8", "property": 1, "is_success": false, "info": null, "create_time": "2018-06-20", "modify_time": "2018-06-20", "address": 46, "industry": [3]}}, {"model": "data.company", "pk": 45, "fields": {"name": "\u6b66\u6c49\u56db\u65b9\u6587\u5316\u7528\u54c1\u6709\u9650\u516c\u53f8", "property": 1, "is_success": false, "info": null, "create_time": "2018-06-20", "modify_time": "2018-06-20", "address": 47, "industry": [5]}}, {"model": "data.company", "pk": 46, "fields": {"name": "\u6b66\u6c49\u65af\u5766\u96f7\u7535\u5668\u6709\u9650\u516c\u53f8", "property": 1, "is_success": false, "info": null, "create_time": "2018-06-20", "modify_time": "2018-06-20", "address": 48, "industry": [1]}}, {"model": "data.company", "pk": 47, "fields": {"name": "\u4e1c\u98ce\u5b89\u9053\u62d3\u6c7d\u8f66\u5ea7\u6905\u6709\u9650\u516c\u53f8\u6c5f\u590f\u5206\u516c\u53f8", "property": 1, "is_success": false, "info": null, "create_time": "2018-06-20", "modify_time": "2018-06-20", "address": 49, "industry": [1]}}, {"model": "data.company", "pk": 48, "fields": {"name": "\u8f89\u95e8\u6469\u64e6\u4ea7\u54c1\u6709\u9650\u516c\u53f8", "property": 1, "is_success": false, "info": null, "create_time": "2018-06-20", "modify_time": "2018-06-20", "address": 50, "industry": [1]}}, {"model": "data.company", "pk": 49, "fields": {"name": "\u4f1f\u798f\u79d1\u6280\u5de5\u4e1a\uff08\u6b66\u6c49\uff09\u6709\u9650\u516c\u53f8", "property": 1, "is_success": false, "info": null, "create_time": "2018-06-20", "modify_time": "2018-06-20", "address": 51, "industry": [1]}}, {"model": "data.company", "pk": 50, "fields": {"name": "\u6b66\u6c49\u987a\u5a01\u7535\u5668\u6709\u9650\u516c\u53f8", "property": 1, "is_success": false, "info": null, "create_time": "2018-06-20", "modify_time": "2018-06-20", "address": 52, "industry": [6, 1]}}, {"model": "data.company", "pk": 51, "fields": {"name": "\u6b66\u6c49\u65e5\u7279\u56fa\u9632\u97f3\u914d\u4ef6\u6709\u9650\u516c\u53f8", "property": 1, "is_success": false, "info": null, "create_time": "2018-06-20", "modify_time": "2018-06-20", "address": 53, "industry": [1]}}, {"model": "data.company", "pk": 52, "fields": {"name": "\u6cd5\u96f7\u5965\u5e02\u5149\uff08\u4e2d\u56fd\uff09\u8f66\u706f\u6709\u9650\u516c\u53f8", "property": 1, "is_success": false, "info": null, "create_time": "2018-06-20", "modify_time": "2018-06-20", "address": 54, "industry": [1]}}, {"model": "data.company", "pk": 53, "fields": {"name": "\u6b66\u6c49\u9ad8\u6728\u6c7d\u8f66\u90e8\u4ef6\u6709\u9650\u516c\u53f8", "property": 1, "is_success": false, "info": null, "create_time": "2018-06-20", "modify_time": "2018-06-20", "address": 55, "industry": [1]}}, {"model": "data.company", "pk": 54, "fields": {"name": "\u6b66\u6c49\u535a\u514b\u601d\u5305\u88c5\u6709\u9650\u516c\u53f8", "property": 1, "is_success": false, "info": null, "create_time": "2018-06-20", "modify_time": "2018-06-20", "address": 56, "industry": [4, 3]}}, {"model": "data.company", "pk": 55, "fields": {"name": "\u6b66\u6c49\u8000\u76ae\u5eb7\u6865\u6c7d\u8f66\u73bb\u7483\u6709\u9650\u516c\u53f8", "property": 1, "is_success": false, "info": null, "create_time": "2018-06-20", "modify_time": "2018-06-20", "address": 57, "industry": [13, 1]}}, {"model": "data.company", "pk": 56, "fields": {"name": "\u6b66\u6c49\u827e\u5e15\u514b\u6c7d\u8f66\u914d\u4ef6\u6709\u9650\u516c\u53f8", "property": 1, "is_success": false, "info": null, "create_time": "2018-06-20", "modify_time": "2018-06-20", "address": 58, "industry": [10, 1]}}, {"model": "data.company", "pk": 57, "fields": {"name": "\u6e56\u5317\u7701\u65b0\u534e\u4e66\u5e97\u96c6\u56e2\u6709\u9650\u516c\u53f8", "property": 1, "is_success": false, "info": null, "create_time": "2018-06-20", "modify_time": "2018-06-20", "address": 59, "industry": [5, 4, 3]}}, {"model": "data.company", "pk": 58, "fields": {"name": "\u6e56\u5317\u795e\u5dde\u5efa\u6750\u6709\u9650\u8d23\u4efb\u516c\u53f8", "property": 1, "is_success": false, "info": null, "create_time": "2018-06-20", "modify_time": "2018-06-20", "address": 60, "industry": [14]}}, {"model": "data.company", "pk": 59, "fields": {"name": "\u6b66\u6c49\u51a0\u4e1c\u6a21\u5851\u79d1\u6280\u6709\u9650\u516c\u53f8", "property": 1, "is_success": false, "info": null, "create_time": "2018-06-20", "modify_time": "2018-06-20", "address": 61, "industry": [6]}}, {"model": "data.company", "pk": 60, "fields": {"name": "\u6b66\u6c49\u5e02\u53cc\u6865\u79d1\u6280\u6709\u9650\u516c\u53f8", "property": 1, "is_success": false, "info": null, "create_time": "2018-06-20", "modify_time": "2018-06-20", "address": 62, "industry": [6, 2]}}, {"model": "data.company", "pk": 61, "fields": {"name": "\u6b66\u6c49\u5143\u4e30\u6c7d\u8f66\u7535\u63a7\u7cfb\u7edf\u6709\u9650\u516c\u53f8", "property": 1, "is_success": false, "info": null, "create_time": "2018-06-20", "modify_time": "2018-06-20", "address": 123, "industry": [1]}}, {"model": "data.company", "pk": 62, "fields": {"name": "\u6b66\u6c49\u5e73\u52d2\u673a\u68b0\u5236\u9020\u6709\u9650\u516c\u53f8", "property": 1, "is_success": false, "info": null, "create_time": "2018-06-20", "modify_time": "2018-06-20", "address": 64, "industry": [10, 1]}}, {"model": "data.company", "pk": 63, "fields": {"name": "\u6b66\u6c49\u60e0\u6052\u5b9e\u4e1a\u6709\u9650\u516c\u53f8", "property": 1, "is_success": false, "info": null, "create_time": "2018-06-20", "modify_time": "2018-06-20", "address": 65, "industry": [8, 1]}}, {"model": "data.company", "pk": 64, "fields": {"name": "\u6b66\u6c49\u8fdc\u7eba\u65b0\u6750\u6599\u6709\u9650\u516c\u53f8", "property": 1, "is_success": false, "info": null, "create_time": "2018-06-20", "modify_time": "2018-06-20", "address": 66, "industry": [6]}}, {"model": "data.company", "pk": 65, "fields": {"name": "\u6b66\u6c49\u5e02\u6734\u7530\u7535\u5668\u6709\u9650\u516c\u53f8", "property": 1, "is_success": false, "info": null, "create_time": "2018-06-20", "modify_time": "2018-06-20", "address": 67, "industry": [7, 2, 1]}}, {"model": "data.company", "pk": 66, "fields": {"name": "\u6b66\u6c49\u65b9\u9f0e\u6c7d\u8f66\u90e8\u4ef6\u5236\u9020\u6709\u9650\u516c\u53f8", "property": 1, "is_success": false, "info": null, "create_time": "2018-06-20", "modify_time": "2018-06-20", "address": 68, "industry": [8, 1]}}, {"model": "data.company", "pk": 67, "fields": {"name": "\u6b66\u6c49\u9ec4\u9e64\u7535\u7ebf\u7535\u7f06\u4e00\u5382", "property": 1, "is_success": false, "info": null, "create_time": "2018-06-20", "modify_time": "2018-06-20", "address": 69, "industry": [15]}}, {"model": "data.company", "pk": 68, "fields": {"name": "\u674e\u5c14\u6c7d\u8f66\u96f6\u90e8\u4ef6\u6b66\u6c49\u6709\u9650\u516c\u53f8", "property": 1, "is_success": false, "info": null, "create_time": "2018-06-20", "modify_time": "2018-06-20", "address": 70, "industry": [1]}}, {"model": "data.company", "pk": 69, "fields": {"name": "\u6b66\u6c49\u83f2\u4e9a\u59c6\u7535\u6c14\u6709\u9650\u516c\u53f8", "property": 1, "is_success": false, "info": null, "create_time": "2018-06-20", "modify_time": "2018-06-20", "address": 71, "industry": [16]}}, {"model": "data.company", "pk": 70, "fields": {"name": "\u6b27\u90a6\u667a\u80fd\u5bb6\u5c45\uff08\u6b66\u6c49\uff09\u6709\u9650\u516c\u53f8", "property": 1, "is_success": false, "info": null, "create_time": "2018-06-20", "modify_time": "2018-06-20", "address": 72, "industry": [11]}}, {"model": "data.company", "pk": 71, "fields": {"name": "\u6b66\u6c49\u987a\u5a01\u7535\u5668\u6c7d\u914d\u6709\u9650\u516c\u53f8", "property": 1, "is_success": false, "info": null, "create_time": "2018-06-20", "modify_time": "2018-06-20", "address": 73, "industry": [6, 1]}}, {"model": "data.company", "pk": 72, "fields": {"name": "\u6b66\u6c49\u534f\u548c\u9f7f\u73af\u6709\u9650\u516c\u53f8", "property": 1, "is_success": false, "info": null, "create_time": "2018-06-20", "modify_time": "2018-06-20", "address": 74, "industry": [10, 1]}}, {"model": "data.company", "pk": 73, "fields": {"name": "\u6e56\u5317\u65b0\u534e\u5370\u52a1\u6709\u9650\u516c\u53f8", "property": 1, "is_success": false, "info": null, "create_time": "2018-06-20", "modify_time": "2018-06-20", "address": 75, "industry": [5]}}, {"model": "data.company", "pk": 74, "fields": {"name": "\u5b5d\u611f\u6bc5\u5fd7\u7167\u660e\u6709\u9650\u516c\u53f8", "property": 1, "is_success": false, "info": null, "create_time": "2018-06-20", "modify_time": "2018-06-20", "address": 76, "industry": [6, 1]}}, {"model": "data.company", "pk": 75, "fields": {"name": "\u4f1f\u5df4\u65af\u7279\u8f66\u9876\u4f9b\u6696\u7cfb\u7edf\uff08\u4e0a\u6d77\uff09\u6709\u9650\u516c\u53f8\u6b66\u6c49\u5206\u516c\u53f8", "property": 1, "is_success": false, "info": null, "create_time": "2018-06-20", "modify_time": "2018-06-20", "address": 77, "industry": [1]}}, {"model": "data.company", "pk": 76, "fields": {"name": "\u6b66\u6c49\u660e\u4e1a\u6c7d\u914d\u5382", "property": 1, "is_success": false, "info": null, "create_time": "2018-06-20", "modify_time": "2018-06-20", "address": 78, "industry": [8, 1]}}, {"model": "data.company", "pk": 77, "fields": {"name": "\u6b66\u6c49\u6b63\u8363\u6c7d\u8f66\u96f6\u90e8\u4ef6\u6709\u9650\u516c\u53f8", "property": 1, "is_success": false, "info": null, "create_time": "2018-06-20", "modify_time": "2018-06-20", "address": 89, "industry": [8, 1]}}, {"model": "data.company", "pk": 78, "fields": {"name": "\u6b66\u6c49\u5434\u8d8a\u5851\u6599\u5de5\u4e1a\u6709\u9650\u516c\u53f8", "property": 1, "is_success": false, "info": null, "create_time": "2018-06-20", "modify_time": "2018-06-20", "address": 89, "industry": [6, 1]}}, {"model": "data.company", "pk": 79, "fields": {"name": "\u6b66\u6c49\u4e09\u6866\u5851\u80f6\u6709\u9650\u516c\u53f8", "property": 1, "is_success": false, "info": null, "create_time": "2018-06-20", "modify_time": "2018-06-20", "address": 81, "industry": [6]}}, {"model": "data.company", "pk": 80, "fields": {"name": "\u6e56\u5317\u8fc8\u777f\u8fbe\u4f9b\u5e94\u94fe\u80a1\u4efd\u6709\u9650\u516c\u53f8", "property": 1, "is_success": false, "info": null, "create_time": "2018-06-20", "modify_time": "2018-06-20", "address": 82, "industry": [3]}}, {"model": "data.company", "pk": 81, "fields": {"name": "\u6b66\u6c49\u535a\u7acb\u8fbe\u6c7d\u8f66\u9970\u4ef6\u6709\u9650\u516c\u53f8", "property": 1, "is_success": false, "info": null, "create_time": "2018-06-20", "modify_time": "2018-06-20", "address": 83, "industry": [6, 1]}}, {"model": "data.company", "pk": 82, "fields": {"name": "\u6b66\u6c49\u987a\u5a01\u8d5b\u7279\u5de5\u7a0b\u5851\u6599\u6709\u9650\u516c\u53f8", "property": 1, "is_success": false, "info": null, "create_time": "2018-06-20", "modify_time": "2018-06-20", "address": 84, "industry": [6]}}, {"model": "data.company", "pk": 83, "fields": {"name": "\u6b66\u6c49\u540d\u6770\u6a21\u5851\u6709\u9650\u516c\u53f8", "property": 1, "is_success": false, "info": null, "create_time": "2018-06-20", "modify_time": "2018-06-20", "address": 85, "industry": [6]}}, {"model": "data.company", "pk": 84, "fields": {"name": "\u65e0\u9521\u5168\u76db\u5b89\u4ec1\u673a\u68b0\u6709\u9650\u516c\u53f8\u6b66\u6c49\u5206\u516c\u53f8", "property": 1, "is_success": false, "info": null, "create_time": "2018-06-20", "modify_time": "2018-06-20", "address": 86, "industry": [10]}}, {"model": "data.company", "pk": 85, "fields": {"name": "\u94ed\u7965\u6c7d\u8f66\u5de5\u4e1a\uff08\u6b66\u6c49\uff09\u6709\u9650\u516c\u53f8", "property": 1, "is_success": false, "info": null, "create_time": "2018-06-20", "modify_time": "2018-06-20", "address": 87, "industry": [6]}}, {"model": "data.company", "pk": 86, "fields": {"name": "\u6b66\u6c49\u946b\u91d1\u6cfd\u673a\u68b0\u6709\u9650\u516c\u53f8", "property": 1, "is_success": false, "info": null, "create_time": "2018-06-20", "modify_time": "2018-06-20", "address": 88, "industry": [10]}}, {"model": "data.company", "pk": 87, "fields": {"name": "\u6b66\u6c49\u6c83\u5c14\u6d66\u79d1\u6280\u6709\u9650\u516c\u53f8", "property": 1, "is_success": false, "info": null, "create_time": "2018-06-20", "modify_time": "2018-06-20", "address": 89, "industry": [17]}}, {"model": "data.company", "pk": 88, "fields": {"name": "\u6b66\u6c49\u5de8\u8fea\u91d1\u5c5e\u7ba1\u4e1a\u6709\u9650\u516c\u53f8", "property": 1, "is_success": false, "info": null, "create_time": "2018-06-20", "modify_time": "2018-06-20", "address": 90, "industry": [10, 1]}}, {"model": "data.company", "pk": 89, "fields": {"name": "\u6b66\u6c49\u6cdb\u6d32\u4e2d\u8d8a\u5408\u91d1\u6709\u9650\u516c\u53f8", "property": 1, "is_success": false, "info": null, "create_time": "2018-06-20", "modify_time": "2018-06-20", "address": 91, "industry": [10]}}, {"model": "data.company", "pk": 90, "fields": {"name": "\u6b66\u6c49\u9e3f\u4e00\u5305\u88c5\u5370\u5237\u6709\u9650\u516c\u53f8", "property": 1, "is_success": false, "info": null, "create_time": "2018-06-20", "modify_time": "2018-06-20", "address": 92, "industry": [4]}}, {"model": "data.company", "pk": 91, "fields": {"name": "\u6b66\u6c49\u7d2b\u6c5f\u7edf\u4e00\u4f01\u4e1a\u6709\u9650\u516c\u53f8", "property": 1, "is_success": false, "info": null, "create_time": "2018-06-20", "modify_time": "2018-06-20", "address": 93, "industry": [6, 4]}}, {"model": "data.company", "pk": 92, "fields": {"name": "\u6b66\u6c49\u798f\u8fbe\u98df\u7528\u6cb9\u8c03\u6599\u6709\u9650\u516c\u53f8", "property": 1, "is_success": false, "info": null, "create_time": "2018-06-20", "modify_time": "2018-06-20", "address": 94, "industry": [18]}}, {"model": "data.company", "pk": 93, "fields": {"name": "\u68ee\u5bc6\u6c7d\u8f66\u5ea7\u6905\u5de5\u4e1a\uff08\u6b66\u6c49\uff09\u6709\u9650\u516c\u53f8", "property": 1, "is_success": false, "info": null, "create_time": "2018-06-20", "modify_time": "2018-06-20", "address": 95, "industry": [1]}}, {"model": "data.company", "pk": 94, "fields": {"name": "\u5723\u6208\u73ed\u5b89\u5168\u73bb\u7483\uff08\u6b66\u6c49\uff09\u6709\u9650\u516c\u53f8", "property": 1, "is_success": false, "info": null, "create_time": "2018-06-20", "modify_time": "2018-06-20", "address": 96, "industry": [13]}}, {"model": "data.company", "pk": 95, "fields": {"name": "\u6b66\u6c49\u4e0a\u53d1\u6c7d\u8f66\u96f6\u90e8\u4ef6\u6709\u9650\u516c\u53f8", "property": 1, "is_success": false, "info": null, "create_time": "2018-06-20", "modify_time": "2018-06-20", "address": 97, "industry": [1]}}, {"model": "data.company", "pk": 96, "fields": {"name": "\u4e09\u53f6\u58eb\u6797\u7535\u673a\uff08\u6b66\u6c49\uff09\u6709\u9650\u516c\u53f8", "property": 1, "is_success": false, "info": null, "create_time": "2018-06-20", "modify_time": "2018-06-20", "address": 98, "industry": [19, 1]}}, {"model": "data.company", "pk": 97, "fields": {"name": "\u6570\u7801\u6a21\u51b2\u538b\u6280\u672f\uff08\u6b66\u6c49\uff09\u6709\u9650\u516c\u53f8", "property": 1, "is_success": false, "info": null, "create_time": "2018-06-20", "modify_time": "2018-06-20", "address": 99, "industry": [8]}}, {"model": "data.company", "pk": 98, "fields": {"name": "\u6b66\u6c49\u7533\u5927\u6a21\u5851\u5de5\u4e1a\u6709\u9650\u516c\u53f8", "property": 1, "is_success": false, "info": null, "create_time": "2018-06-20", "modify_time": "2018-06-20", "address": 100, "industry": [6]}}, {"model": "data.company", "pk": 99, "fields": {"name": "\u6b66\u6c49\u5b9d\u4fe1\u6c7d\u8f66\u914d\u4ef6\u6709\u9650\u516c\u53f8", "property": 1, "is_success": false, "info": null, "create_time": "2018-06-20", "modify_time": "2018-06-20", "address": 101, "industry": [8, 1]}}, {"model": "data.company", "pk": 100, "fields": {"name": "\u8377\u8d1d\u514b\u7535\u6e90\u7cfb\u7edf\uff08\u6b66\u6c49\uff09\u6709\u9650\u516c\u53f8", "property": 1, "is_success": false, "info": null, "create_time": "2018-06-20", "modify_time": "2018-06-20", "address": 102, "industry": [16]}}, {"model": "data.company", "pk": 101, "fields": {"name": "\u6b66\u6c49\u63d0\u7231\u601d\u5168\u5174\u6c7d\u8f66\u96f6\u90e8\u4ef6\u6709\u9650\u516c\u53f8", "property": 1, "is_success": false, "info": null, "create_time": "2018-06-20", "modify_time": "2018-06-20", "address": 103, "industry": [1]}}, {"model": "data.company", "pk": 102, "fields": {"name": "\u6b66\u6c49\u51ef\u5bc6\u79d1\u6c7d\u8f66\u96f6\u90e8\u4ef6\u6709\u9650\u516c\u53f8", "property": 1, "is_success": false, "info": null, "create_time": "2018-06-20", "modify_time": "2018-06-20", "address": 104, "industry": [1]}}, {"model": "data.company", "pk": 103, "fields": {"name": "\u6b66\u6c49\u65e5\u6657\u7cbe\u5bc6\u673a\u68b0\u6709\u9650\u516c\u53f8", "property": 1, "is_success": false, "info": null, "create_time": "2018-06-20", "modify_time": "2018-06-20", "address": 105, "industry": [10, 1]}}, {"model": "data.company", "pk": 104, "fields": {"name": "\u6b66\u6c49\u592a\u5e73\u7231\u514b\u7535\u7ebf\u7535\u7f06\u6709\u9650\u8d23\u4efb\u516c\u53f8", "property": 1, "is_success": false, "info": null, "create_time": "2018-06-20", "modify_time": "2018-06-20", "address": 106, "industry": [15]}}, {"model": "data.company", "pk": 105, "fields": {"name": "\u6b66\u6c49\u5e02\u5927\u9e4f\u6c7d\u8f66\u96f6\u90e8\u4ef6\u6709\u9650\u516c\u53f8", "property": 1, "is_success": false, "info": null, "create_time": "2018-06-20", "modify_time": "2018-06-20", "address": 107, "industry": [10, 8, 1]}}, {"model": "data.company", "pk": 106, "fields": {"name": "\u94c1\u4eba\u98ce\u8f66\uff08\u6b66\u6c49\uff09\u6709\u9650\u516c\u53f8", "property": 1, "is_success": false, "info": null, "create_time": "2018-06-20", "modify_time": "2018-06-20", "address": 108, "industry": [10]}}, {"model": "data.company", "pk": 107, "fields": {"name": "\u4e0a\u6d77\u5ef6\u5eb7\u6c7d\u8f66\u90e8\u4ef6\u6709\u9650\u516c\u53f8", "property": 1, "is_success": false, "info": null, "create_time": "2018-06-20", "modify_time": "2018-06-20", "address": 109, "industry": [1]}}, {"model": "data.company", "pk": 108, "fields": {"name": "\u6b66\u6c49\u521b\u548c\u5fa1\u661f\u7269\u6d41\u4ea7\u4e1a\u6709\u9650\u516c\u53f8", "property": 1, "is_success": false, "info": null, "create_time": "2018-06-20", "modify_time": "2018-06-20", "address": 110, "industry": [4, 3]}}, {"model": "data.company", "pk": 109, "fields": {"name": "\u6b66\u6c49\u7ef4\u7ef4\u4e73\u4e1a\u6709\u9650\u516c\u53f8", "property": 1, "is_success": false, "info": null, "create_time": "2018-06-20", "modify_time": "2018-06-20", "address": 111, "industry": [20]}}, {"model": "data.company", "pk": 110, "fields": {"name": "\u6b66\u6c49\u957f\u534e\u957f\u6e90\u6c7d\u8f66\u96f6\u90e8\u4ef6\u6709\u9650\u516c\u53f8", "property": 1, "is_success": false, "info": null, "create_time": "2018-06-20", "modify_time": "2018-06-20", "address": 112, "industry": [8, 1]}}, {"model": "data.company", "pk": 111, "fields": {"name": "\u6b66\u6c49\u6b66\u8000\u5b89\u5168\u73bb\u7483\u80a1\u4efd\u6709\u9650\u516c\u53f8", "property": 1, "is_success": false, "info": null, "create_time": "2018-06-20", "modify_time": "2018-06-20", "address": 113, "industry": [1]}}, {"model": "data.company", "pk": 112, "fields": {"name": "\u6b66\u6c49\u5143\u4e30\u6c7d\u8f66\u96f6\u90e8\u4ef6\u6709\u9650\u516c\u53f8", "property": 1, "is_success": false, "info": null, "create_time": "2018-06-20", "modify_time": "2018-06-20", "address": 114, "industry": [1]}}, {"model": "data.company", "pk": 113, "fields": {"name": "\u6e56\u5317\u6d77\u5927\u9972\u6599\u6709\u9650\u516c\u53f8", "property": 1, "is_success": false, "info": null, "create_time": "2018-06-20", "modify_time": "2018-06-20", "address": 115, "industry": [21]}}, {"model": "data.company", "pk": 114, "fields": {"name": "\u6b66\u6c49\u632f\u98df\u54c1\u5305\u88c5\u6709\u9650\u516c\u53f8", "property": 1, "is_success": false, "info": null, "create_time": "2018-06-20", "modify_time": "2018-06-20", "address": 116, "industry": [4]}}, {"model": "data.company", "pk": 115, "fields": {"name": "\u6b66\u6c49\u71ce\u539f\u6a21\u5851\u6709\u9650\u516c\u53f8", "property": 1, "is_success": false, "info": null, "create_time": "2018-06-20", "modify_time": "2018-06-20", "address": 117, "industry": [6, 1]}}, {"model": "data.company", "pk": 116, "fields": {"name": "\u6b66\u6c49\u5171\u5eb7\u6c7d\u8f66\u96f6\u90e8\u4ef6\u6709\u9650\u516c\u53f8", "property": 1, "is_success": false, "info": null, "create_time": "2018-06-20", "modify_time": "2018-06-20", "address": 118, "industry": [10, 1]}}, {"model": "data.company", "pk": 117, "fields": {"name": "\u4e0a\u6d77\u81e3\u6cf0\u5236\u7ba1\u6709\u9650\u516c\u53f8\u6b66\u6c49\u5206\u516c\u53f8", "property": 1, "is_success": false, "info": null, "create_time": "2018-06-20", "modify_time": "2018-06-20", "address": 119, "industry": [1]}}, {"model": "data.company", "pk": 118, "fields": {"name": "\u6b66\u6c49\u771f\u5de7\u98df\u54c1\u6709\u9650\u516c\u53f8", "property": 1, "is_success": false, "info": null, "create_time": "2018-06-20", "modify_time": "2018-06-20", "address": 120, "industry": [22, 4]}}, {"model": "data.company", "pk": 119, "fields": {"name": "\u6b66\u6c49\u5e02\u5927\u6ee1\u5236\u7f50\u6709\u9650\u516c\u53f8", "property": 1, "is_success": false, "info": null, "create_time": "2018-06-20", "modify_time": "2018-06-20", "address": 121, "industry": [4]}}, {"model": "data.company", "pk": 120, "fields": {"name": "\u5e7f\u5dde\u4e09\u53f6\u7535\u673a\uff08\u6b66\u6c49\uff09\u6709\u9650\u516c\u53f8", "property": 1, "is_success": false, "info": "", "create_time": "2018-06-20", "modify_time": "2018-06-20", "address": 122, "industry": [19, 1]}}, {"model": "data.company", "pk": 121, "fields": {"name": "\u6b66\u6c49\u5143\u4e30\u6c7d\u8f66\u914d\u4ef6\u79d1\u6280\u6709\u9650\u516c\u53f8", "property": 1, "is_success": false, "info": null, "create_time": "2018-06-20", "modify_time": "2018-06-20", "address": 123, "industry": [1]}}, {"model": "data.company", "pk": 122, "fields": {"name": "\u6e56\u5317\u5409\u5229\u98df\u54c1\u6709\u9650\u516c\u53f8", "property": 1, "is_success": false, "info": null, "create_time": "2018-06-20", "modify_time": "2018-06-20", "address": 124, "industry": [22]}}, {"model": "data.company", "pk": 123, "fields": {"name": "\u6e56\u5317\u6052\u7545\u5929\u5143\u5de5\u8d38\u6709\u9650\u516c\u53f8", "property": 1, "is_success": false, "info": null, "create_time": "2018-06-20", "modify_time": "2018-06-20", "address": 125, "industry": [8]}}, {"model": "data.company", "pk": 124, "fields": {"name": "\u6b66\u6c49\u5e7f\u4f73\u6c7d\u8f66\u9970\u4ef6\u6709\u9650\u516c\u53f8", "property": 1, "is_success": false, "info": null, "create_time": "2018-06-20", "modify_time": "2018-06-20", "address": 126, "industry": [6, 1]}}, {"model": "data.company", "pk": 125, "fields": {"name": "\u6b66\u6c49\u5609\u534e\u6c7d\u8f66\u5851\u6599\u5236\u54c1\u6709\u9650\u516c\u53f8", "property": 1, "is_success": false, "info": null, "create_time": "2018-06-20", "modify_time": "2018-06-20", "address": 127, "industry": [6, 1]}}, {"model": "data.company", "pk": 126, "fields": {"name": "\u6b66\u6c49\u5b9d\u94a2\u5236\u7f50\u6709\u9650\u516c\u53f8", "property": 1, "is_success": false, "info": null, "create_time": "2018-06-20", "modify_time": "2018-06-20", "address": 128, "industry": [4]}}, {"model": "data.company", "pk": 127, "fields": {"name": "\u6b66\u6c49\u4e2d\u548c\u8f66\u8eab\u80a1\u4efd\u6709\u9650\u516c\u53f8", "property": 1, "is_success": false, "info": null, "create_time": "2018-06-20", "modify_time": "2018-06-20", "address": 129, "industry": [8, 1]}}, {"model": "data.company", "pk": 128, "fields": {"name": "\u9a6c\u52d2\u6ee4\u6e05\u7cfb\u7edf\uff08\u6e56\u5317\uff09\u6709\u9650\u516c\u53f8", "property": 1, "is_success": false, "info": null, "create_time": "2018-06-20", "modify_time": "2018-06-20", "address": 130, "industry": [1]}}, {"model": "data.company", "pk": 129, "fields": {"name": "\u5b81\u6ce2\u53cc\u6797\u6c7d\u8f66\u90e8\u4ef6\u80a1\u4efd\u6709\u9650\u516c\u53f8\u6b66\u6c49\u5206\u516c\u53f8", "property": 1, "is_success": false, "info": "", "create_time": "2018-06-20", "modify_time": "2018-06-20", "address": 131, "industry": [6, 1]}}, {"model": "data.company", "pk": 130, "fields": {"name": "\u6b66\u6c49\u534e\u5bcc\u8fdc\u79d1\u6280\u6709\u9650\u516c\u53f8", "property": 1, "is_success": false, "info": null, "create_time": "2018-06-20", "modify_time": "2018-06-20", "address": 132, "industry": [1]}}, {"model": "data.company", "pk": 131, "fields": {"name": "\u6e56\u5317\u8fbe\u80fd\u98df\u54c1\u996e\u6599\u6709\u9650\u516c\u53f8", "property": 1, "is_success": false, "info": null, "create_time": "2018-06-20", "modify_time": "2018-06-20", "address": 133, "industry": [20]}}, {"model": "data.company", "pk": 132, "fields": {"name": "\u6b66\u6c49\u94a7\u58f9\u91d1\u5c5e\u79d1\u6280\u6709\u9650\u516c\u53f8", "property": 1, "is_success": false, "info": null, "create_time": "2018-06-20", "modify_time": "2018-06-20", "address": 134, "industry": [10]}}, {"model": "data.company", "pk": 133, "fields": {"name": "\u6b66\u6c49\u5609\u76df\u5851\u6599\u5236\u54c1\u6709\u9650\u516c\u53f8", "property": 1, "is_success": false, "info": null, "create_time": "2018-06-20", "modify_time": "2018-06-20", "address": 135, "industry": [6]}}, {"model": "data.company", "pk": 134, "fields": {"name": "\u6b66\u6c49\u9e3f\u7fd4\u9686\u6a21\u5177\u6709\u9650\u516c\u53f8", "property": 1, "is_success": false, "info": null, "create_time": "2018-06-20", "modify_time": "2018-06-20", "address": 136, "industry": [10]}}, {"model": "data.company", "pk": 135, "fields": {"name": "\u6b66\u6c49\u987a\u4e50\u4e0d\u9508\u94a2\u6709\u9650\u516c\u53f8", "property": 1, "is_success": false, "info": null, "create_time": "2018-06-20", "modify_time": "2018-06-20", "address": 137, "industry": [14, 10]}}, {"model": "data.company", "pk": 136, "fields": {"name": "\u5ef6\u950b\u5b89\u9053\u62d3\uff08\u6b66\u6c49\uff09\u5ea7\u6905\u6709\u9650\u516c\u53f8", "property": 1, "is_success": false, "info": null, "create_time": "2018-06-20", "modify_time": "2018-06-20", "address": 138, "industry": [1]}}, {"model": "data.company", "pk": 137, "fields": {"name": "\u6770\u65af\u6bd4\u5851\u6599\uff08\u6b66\u6c49\uff09\u6709\u9650\u516c\u53f8", "property": 1, "is_success": false, "info": null, "create_time": "2018-06-20", "modify_time": "2018-06-20", "address": 139, "industry": [6]}}, {"model": "data.company", "pk": 138, "fields": {"name": "\u6b66\u6c49\u8428\u514b\u6a61\u80f6\u6709\u9650\u516c\u53f8", "property": 1, "is_success": false, "info": null, "create_time": "2018-06-20", "modify_time": "2018-06-20", "address": 140, "industry": [23, 1]}}, {"model": "data.company", "pk": 139, "fields": {"name": "\u6b66\u6c49\u6765\u798f\u5982\u610f\u98df\u54c1\u6709\u9650\u516c\u53f8", "property": 1, "is_success": false, "info": null, "create_time": "2018-06-20", "modify_time": "2018-06-20", "address": 141, "industry": [22]}}, {"model": "data.company", "pk": 140, "fields": {"name": "\u6b66\u6c49\u53cc\u9e25\u9ad8\u5206\u5b50\u6750\u6599\u6709\u9650\u516c\u53f8", "property": 1, "is_success": false, "info": null, "create_time": "2018-06-20", "modify_time": "2018-06-20", "address": 142, "industry": [6]}}, {"model": "data.company", "pk": 141, "fields": {"name": "\u534e\u6587\u5305\u88c5\u80a1\u4efd\u6709\u9650\u516c\u53f8", "property": 1, "is_success": false, "info": null, "create_time": "2018-06-20", "modify_time": "2018-06-20", "address": 143, "industry": [4]}}, {"model": "data.company", "pk": 142, "fields": {"name": "\u6e56\u5317\u5c0f\u7cf8\u8f66\u706f\u6709\u9650\u516c\u53f8", "property": 1, "is_success": false, "info": null, "create_time": "2018-06-20", "modify_time": "2018-06-20", "address": 144, "industry": [6]}}, {"model": "data.company", "pk": 143, "fields": {"name": "\u4e1c\u98ce\u6613\u8fdb\u6b66\u6c49\u5de5\u4e1a\u6709\u9650\u516c\u53f8", "property": 1, "is_success": false, "info": null, "create_time": "2018-06-20", "modify_time": "2018-06-20", "address": 145, "industry": [6, 1]}}, {"model": "data.company", "pk": 144, "fields": {"name": "\u6b66\u6c49\u5e02\u94c1\u7814\u6c7d\u8f66\u96f6\u4ef6\u6709\u9650\u516c\u53f8", "property": 1, "is_success": false, "info": null, "create_time": "2018-06-20", "modify_time": "2018-06-20", "address": 146, "industry": [10, 1]}}, {"model": "data.company", "pk": 145, "fields": {"name": "\u6b66\u6c49\u5174\u56ed\u91d1\u5c5e\u6709\u9650\u8d23\u4efb\u516c\u53f8", "property": 1, "is_success": false, "info": null, "create_time": "2018-06-20", "modify_time": "2018-06-20", "address": 147, "industry": [8]}}, {"model": "data.company", "pk": 146, "fields": {"name": "\u4e2d\u6d69\u6c7d\u8f66\u914d\u4ef6\uff08\u6b66\u6c49\uff09\u6709\u9650\u516c\u53f8", "property": 1, "is_success": false, "info": null, "create_time": "2018-06-20", "modify_time": "2018-06-20", "address": 148, "industry": [10, 1]}}, {"model": "data.company", "pk": 147, "fields": {"name": "\u6b66\u6c49\u5fae\u7279\u6c7d\u914d\u6709\u9650\u516c\u53f8", "property": 1, "is_success": false, "info": null, "create_time": "2018-06-20", "modify_time": "2018-06-20", "address": 149, "industry": [1]}}, {"model": "data.department", "pk": 1, "fields": {"name": "\u751f\u4ea7\u90e8"}}, {"model": "data.department", "pk": 2, "fields": {"name": "\u8bbe\u5907\u90e8"}}, {"model": "data.department", "pk": 3, "fields": {"name": "\u91c7\u8d2d\u90e8"}}, {"model": "data.department", "pk": 4, "fields": {"name": "\u8d28\u91cf\u90e8"}}, {"model": "data.department", "pk": 5, "fields": {"name": "\u96c6\u56e2\u91c7\u8d2d\u90e8"}}, {"model": "data.department", "pk": 6, "fields": {"name": "\u7269\u6d41\u90e8"}}, {"model": "data.department", "pk": 7, "fields": {"name": "\u8fd0\u8425\u90e8"}}, {"model": "data.department", "pk": 8, "fields": {"name": "\u7ba1\u7406\u5c42"}}, {"model": "data.department", "pk": 9, "fields": {"name": "\u751f\u4ea7\u6280\u672f\u7cfb"}}, {"model": "data.department", "pk": 10, "fields": {"name": "\u5de5\u827a\u90e8"}}, {"model": "data.department", "pk": 12, "fields": {"name": "\u7269\u6d41\u8bbe\u5907\u79d1"}}, {"model": "data.department", "pk": 13, "fields": {"name": "\u6280\u672f\u7cfb"}}, {"model": "data.department", "pk": 14, "fields": {"name": "\u603b\u52a1\u90e8"}}, {"model": "data.department", "pk": 15, "fields": {"name": "\u4e1a\u52a1\u90e8"}}, {"model": "data.department", "pk": 16, "fields": {"name": "\u8425\u4e1a\u90e8"}}, {"model": "data.position", "pk": 11, "fields": {"name": "\u7ecf\u7406"}}, {"model": "data.position", "pk": 12, "fields": {"name": "\u79d1\u5458"}}, {"model": "data.position", "pk": 13, "fields": {"name": "\u4e3b\u7ba1"}}, {"model": "data.position", "pk": 14, "fields": {"name": "\u603b\u7ecf\u7406"}}, {"model": "data.position", "pk": 15, "fields": {"name": "\u526f\u603b\u7ecf\u7406"}}, {"model": "data.position", "pk": 16, "fields": {"name": "\u90e8\u957f"}}, {"model": "data.position", "pk": 17, "fields": {"name": "\u7cfb\u957f"}}, {"model": "data.position", "pk": 18, "fields": {"name": "\u603b\u7ecf\u7406\u52a9\u7406"}}, {"model": "data.position", "pk": 19, "fields": {"name": "\u79d1\u957f"}}, {"model": "data.position", "pk": 20, "fields": {"name": "\u8bfe\u957f"}}, {"model": "data.position", "pk": 21, "fields": {"name": "\u526f\u90e8\u957f"}}, {"model": "data.employees", "pk": 1, "fields": {"name": "\u9ec4\u536b\u56fd", "gender": "\u7537", "position": 13, "department": 1, "company": 1, "phone": "18120553120", "tel": null, "remark": "", "create_time": "2018-06-20", "modify_time": "2018-06-20"}}, {"model": "data.employees", "pk": 2, "fields": {"name": "\u5218\u5efa\u7aef", "gender": "\u5973", "position": 12, "department": 3, "company": 1, "phone": "13972509020", "tel": null, "remark": "", "create_time": "2018-06-20", "modify_time": "2018-06-20"}}, {"model": "data.employees", "pk": 3, "fields": {"name": "\u718a\u6770", "gender": "\u7537", "position": 12, "department": 3, "company": 2, "phone": "13971677617", "tel": null, "remark": "", "create_time": "2018-06-20", "modify_time": "2018-06-20"}}, {"model": "data.employees", "pk": 4, "fields": {"name": "\u96f7\u5b87", "gender": "\u5973", "position": 12, "department": 3, "company": 3, "phone": "15871100912", "tel": null, "remark": "", "create_time": "2018-06-20", "modify_time": "2018-06-20"}}, {"model": "data.employees", "pk": 5, "fields": {"name": "\u5f20\u9e4f\u4e3e", "gender": "\u7537", "position": 12, "department": 3, "company": 3, "phone": "18963992249", "tel": null, "remark": "", "create_time": "2018-06-20", "modify_time": "2018-06-20"}}, {"model": "data.employees", "pk": 8, "fields": {"name": "\u738b\u6210", "gender": "\u7537", "position": 12, "department": 7, "company": 5, "phone": "13163253850", "tel": null, "remark": "\u8d1f\u8d23\u8fd0\u8425", "create_time": "2018-06-20", "modify_time": "2018-06-20"}}, {"model": "data.employees", "pk": 9, "fields": {"name": "\u66fe\u5e86\u4e30", "gender": "\u7537", "position": 11, "department": 2, "company": 5, "phone": "13339996379", "tel": null, "remark": "", "create_time": "2018-06-20", "modify_time": "2018-06-20"}}, {"model": "data.employees", "pk": 10, "fields": {"name": "\u674e\u5e73", "gender": "\u5973", "position": 11, "department": 3, "company": 6, "phone": "15347272233", "tel": null, "remark": "", "create_time": "2018-06-20", "modify_time": "2018-06-20"}}, {"model": "data.employees", "pk": 11, "fields": {"name": "\u674e\u4e07\u52c7", "gender": "\u7537", "position": 12, "department": 6, "company": 6, "phone": "15007124924", "tel": null, "remark": "", "create_time": "2018-06-20", "modify_time": "2018-06-20"}}, {"model": "data.employees", "pk": 12, "fields": {"name": "\u6c88\u4f20\u4f1f", "gender": "\u7537", "position": 16, "department": 5, "company": 7, "phone": "13986263007", "tel": null, "remark": "\u96c6\u56e2\u91c7\u8d2d\u4e3b\u7ba1", "create_time": "2018-06-20", "modify_time": "2018-06-20"}}, {"model": "data.employees", "pk": 13, "fields": {"name": "\u5d14\u5fd7\u521a", "gender": "\u7537", "position": 11, "department": 1, "company": 8, "phone": "18706390382", "tel": null, "remark": "", "create_time": "2018-06-20", "modify_time": "2018-06-20"}}, {"model": "data.employees", "pk": 14, "fields": {"name": "\u59dc\u98de", "gender": "\u7537", "position": 12, "department": 3, "company": 9, "phone": "13971386864", "tel": null, "remark": "", "create_time": "2018-06-20", "modify_time": "2018-06-20"}}, {"model": "data.employees", "pk": 15, "fields": {"name": "\u6bdb\u7ee7\u52c7", "gender": "\u7537", "position": 15, "department": 4, "company": 10, "phone": "13317180792", "tel": null, "remark": "\u54c1\u8d28\u90e8", "create_time": "2018-06-20", "modify_time": "2018-06-20"}}, {"model": "data.employees", "pk": 16, "fields": {"name": "\u5434\u7389\u4e1c", "gender": "\u7537", "position": 14, "department": 8, "company": 11, "phone": "13709680852", "tel": null, "remark": "", "create_time": "2018-06-20", "modify_time": "2018-06-20"}}, {"model": "data.employees", "pk": 17, "fields": {"name": "\u5434\u6c38\u660e", "gender": "\u7537", "position": 13, "department": 1, "company": 11, "phone": "15972150608", "tel": null, "remark": "", "create_time": "2018-06-20", "modify_time": "2018-06-20"}}, {"model": "data.employees", "pk": 18, "fields": {"name": "\u5434\u51e4\u5a75", "gender": "\u5973", "position": 12, "department": 3, "company": 12, "phone": "13886198278", "tel": null, "remark": "", "create_time": "2018-06-20", "modify_time": "2018-06-20"}}, {"model": "data.employees", "pk": 19, "fields": {"name": "\u6d2a\u6885", "gender": "\u5973", "position": 12, "department": 3, "company": 13, "phone": "15072134079", "tel": null, "remark": "", "create_time": "2018-06-20", "modify_time": "2018-06-20"}}, {"model": "data.employees", "pk": 20, "fields": {"name": "\u66f9\u653f", "gender": "\u7537", "position": 11, "department": 2, "company": 14, "phone": "18986628067", "tel": null, "remark": "", "create_time": "2018-06-20", "modify_time": "2018-06-20"}}, {"model": "data.employees", "pk": 21, "fields": {"name": "\u7f57\u745e\u94a7", "gender": "\u7537", "position": 11, "department": 1, "company": 14, "phone": "13886082272", "tel": null, "remark": "", "create_time": "2018-06-20", "modify_time": "2018-06-20"}}, {"model": "data.employees", "pk": 23, "fields": {"name": "\u738b\u5fd7\u6210", "gender": "\u7537", "position": 14, "department": 8, "company": 15, "phone": "18671539518", "tel": null, "remark": "", "create_time": "2018-06-20", "modify_time": "2018-06-20"}}, {"model": "data.employees", "pk": 24, "fields": {"name": "\u6b27\u9633\u51e1", "gender": "\u7537", "position": 12, "department": 3, "company": 15, "phone": "13971305824", "tel": null, "remark": "", "create_time": "2018-06-20", "modify_time": "2018-06-20"}}, {"model": "data.employees", "pk": 25, "fields": {"name": "\u5218\u6d01\u661f", "gender": "\u5973", "position": 12, "department": 3, "company": 16, "phone": "15071324696", "tel": null, "remark": "", "create_time": "2018-06-20", "modify_time": "2018-06-20"}}, {"model": "data.employees", "pk": 26, "fields": {"name": "\u8fb9\u7389\u5cad", "gender": "\u7537", "position": 13, "department": 2, "company": 17, "phone": "13477085377", "tel": null, "remark": "", "create_time": "2018-06-20", "modify_time": "2018-06-20"}}, {"model": "data.employees", "pk": 27, "fields": {"name": "\u7a0b\u5e7c\u4f73", "gender": "\u5973", "position": 13, "department": 9, "company": 16, "phone": "13125098397", "tel": null, "remark": "", "create_time": "2018-06-20", "modify_time": "2018-06-20"}}, {"model": "data.employees", "pk": 28, "fields": {"name": "\u9648\u6c49\u6865", "gender": "\u7537", "position": 11, "department": 2, "company": 18, "phone": "13808680247", "tel": null, "remark": "", "create_time": "2018-06-20", "modify_time": "2018-06-20"}}, {"model": "data.employees", "pk": 29, "fields": {"name": "\u9648\u601d\u4fca", "gender": "\u7537", "position": 13, "department": 1, "company": 19, "phone": "18971171192", "tel": null, "remark": "", "create_time": "2018-06-20", "modify_time": "2018-06-20"}}, {"model": "data.employees", "pk": 30, "fields": {"name": "\u66f9\u8d3b\u5cf0", "gender": "\u7537", "position": 14, "department": 8, "company": 20, "phone": "13971623559", "tel": null, "remark": "", "create_time": "2018-06-20", "modify_time": "2018-06-20"}}, {"model": "data.employees", "pk": 31, "fields": {"name": "\u9648\u6d2a\u6797", "gender": "\u7537", "position": 13, "department": 1, "company": 21, "phone": "15071717590", "tel": null, "remark": "", "create_time": "2018-06-20", "modify_time": "2018-06-20"}}, {"model": "data.employees", "pk": 32, "fields": {"name": "\u7a0b\u5f6a", "gender": "\u7537", "position": 17, "department": 1, "company": 22, "phone": "18771035084", "tel": null, "remark": "", "create_time": "2018-06-20", "modify_time": "2018-06-20"}}, {"model": "data.employees", "pk": 33, "fields": {"name": "\u66fe\u51e1\u9e23", "gender": "\u7537", "position": 11, "department": 3, "company": 23, "phone": "18717113198", "tel": null, "remark": "", "create_time": "2018-06-20", "modify_time": "2018-06-20"}}, {"model": "data.employees", "pk": 34, "fields": {"name": "\u8521\u519c\u7530", "gender": "\u7537", "position": 13, "department": 2, "company": 24, "phone": "13618662603", "tel": null, "remark": "", "create_time": "2018-06-20", "modify_time": "2018-06-20"}}, {"model": "data.employees", "pk": 35, "fields": {"name": "\u9648\u5efa\u6c82", "gender": "\u7537", "position": 11, "department": 3, "company": 25, "phone": "18872208229", "tel": null, "remark": "", "create_time": "2018-06-20", "modify_time": "2018-06-20"}}, {"model": "data.employees", "pk": 36, "fields": {"name": "\u9648\u671d\u671d", "gender": "\u5973", "position": 11, "department": 3, "company": 26, "phone": "18674030687", "tel": null, "remark": "", "create_time": "2018-06-20", "modify_time": "2018-06-20"}}, {"model": "data.employees", "pk": 37, "fields": {"name": "\u9648\u6d9b", "gender": "\u7537", "position": 13, "department": 6, "company": 27, "phone": "13343427753", "tel": null, "remark": "", "create_time": "2018-06-20", "modify_time": "2018-06-20"}}, {"model": "data.employees", "pk": 38, "fields": {"name": "\u738b\u5cf0", "gender": "\u7537", "position": 11, "department": 3, "company": 28, "phone": "18186130077", "tel": null, "remark": "", "create_time": "2018-06-20", "modify_time": "2018-06-20"}}, {"model": "data.employees", "pk": 39, "fields": {"name": "\u5f20\u4e16\u53cc", "gender": "\u7537", "position": 12, "department": 3, "company": 28, "phone": "17786357116", "tel": null, "remark": "", "create_time": "2018-06-20", "modify_time": "2018-06-20"}}, {"model": "data.employees", "pk": 40, "fields": {"name": "\u7a0b\u5f6c", "gender": "\u7537", "position": 12, "department": 2, "company": 3, "phone": "18007161676", "tel": null, "remark": "", "create_time": "2018-06-20", "modify_time": "2018-06-20"}}, {"model": "data.employees", "pk": 41, "fields": {"name": "\u6234\u8db3\u7ea2", "gender": "\u5973", "position": 11, "department": 3, "company": 29, "phone": "15871461396", "tel": null, "remark": "", "create_time": "2018-06-20", "modify_time": "2018-06-20"}}, {"model": "data.employees", "pk": 42, "fields": {"name": "\u675c\u6625\u6885", "gender": "\u5973", "position": 11, "department": 3, "company": 30, "phone": "18827396103", "tel": null, "remark": "", "create_time": "2018-06-20", "modify_time": "2018-06-20"}}, {"model": "data.employees", "pk": 43, "fields": {"name": "\u5f90\u679c", "gender": "\u5973", "position": 12, "department": 3, "company": 28, "phone": "17786357203", "tel": null, "remark": "", "create_time": "2018-06-20", "modify_time": "2018-06-20"}}, {"model": "data.employees", "pk": 44, "fields": {"name": "\u4e01\u53cb\u597d", "gender": "\u7537", "position": 14, "department": 8, "company": 31, "phone": "18971034535", "tel": null, "remark": "", "create_time": "2018-06-20", "modify_time": "2018-06-20"}}, {"model": "data.employees", "pk": 45, "fields": {"name": "\u8463\u91d1\u8d85", "gender": "\u7537", "position": 14, "department": 8, "company": 32, "phone": "18671182330", "tel": null, "remark": "", "create_time": "2018-06-20", "modify_time": "2018-06-20"}}, {"model": "data.employees", "pk": 46, "fields": {"name": "\u675c\u5411\u4e1c", "gender": "\u7537", "position": 11, "department": 6, "company": 33, "phone": "15827558168", "tel": null, "remark": "", "create_time": "2018-06-20", "modify_time": "2018-06-20"}}, {"model": "data.employees", "pk": 47, "fields": {"name": "\u6a0a\u5251", "gender": "\u7537", "position": 18, "department": 8, "company": 34, "phone": "15107102275", "tel": null, "remark": "", "create_time": "2018-06-20", "modify_time": "2018-06-20"}}, {"model": "data.employees", "pk": 48, "fields": {"name": "\u51af\u654f", "gender": "\u7537", "position": 16, "department": 1, "company": 35, "phone": "13715499149", "tel": null, "remark": "", "create_time": "2018-06-20", "modify_time": "2018-06-20"}}, {"model": "data.employees", "pk": 49, "fields": {"name": "\u987e\u91d1\u5764", "gender": "\u7537", "position": 13, "department": 1, "company": 36, "phone": "15094857222", "tel": null, "remark": "", "create_time": "2018-06-20", "modify_time": "2018-06-20"}}, {"model": "data.employees", "pk": 50, "fields": {"name": "\u9ad8\u52c7", "gender": "\u7537", "position": 11, "department": 1, "company": 37, "phone": "18771041201", "tel": null, "remark": "", "create_time": "2018-06-20", "modify_time": "2018-06-20"}}, {"model": "data.employees", "pk": 51, "fields": {"name": "\u987e\u9e4f", "gender": "\u7537", "position": 14, "department": 8, "company": 38, "phone": "15002752722", "tel": null, "remark": "", "create_time": "2018-06-20", "modify_time": "2018-06-20"}}, {"model": "data.employees", "pk": 52, "fields": {"name": "\u8d35\u6e05", "gender": "\u5973", "position": 15, "department": 1, "company": 39, "phone": "13986125983", "tel": null, "remark": "", "create_time": "2018-06-20", "modify_time": "2018-06-20"}}, {"model": "data.employees", "pk": 53, "fields": {"name": "\u845b\u8302\u5fb7", "gender": "\u7537", "position": 16, "department": 3, "company": 37, "phone": "15056058282", "tel": null, "remark": "", "create_time": "2018-06-20", "modify_time": "2018-06-20"}}, {"model": "data.employees", "pk": 54, "fields": {"name": "\u9ec4\u5b8f\u5cf0", "gender": "\u7537", "position": 12, "department": 3, "company": 40, "phone": "17771836786", "tel": null, "remark": "", "create_time": "2018-06-20", "modify_time": "2018-06-20"}}, {"model": "data.employees", "pk": 55, "fields": {"name": "\u80e1\u6c49", "gender": "\u7537", "position": 11, "department": 6, "company": 41, "phone": "13247181815", "tel": null, "remark": "", "create_time": "2018-06-20", "modify_time": "2018-06-20"}}, {"model": "data.employees", "pk": 56, "fields": {"name": "\u5f20\u97f6\u534e", "gender": "\u5973", "position": 11, "department": 6, "company": 42, "phone": "15972959966", "tel": null, "remark": "", "create_time": "2018-06-20", "modify_time": "2018-06-20"}}, {"model": "data.employees", "pk": 57, "fields": {"name": "\u4f55\u6d2a\u519b", "gender": "\u7537", "position": 13, "department": 1, "company": 43, "phone": "15872417389", "tel": null, "remark": "", "create_time": "2018-06-20", "modify_time": "2018-06-20"}}, {"model": "data.employees", "pk": 58, "fields": {"name": "\u9ec4\u5ff5", "gender": "\u5973", "position": 11, "department": 8, "company": 44, "phone": "13971018802", "tel": null, "remark": "", "create_time": "2018-06-20", "modify_time": "2018-06-20"}}, {"model": "data.employees", "pk": 59, "fields": {"name": "\u97e9\u4e16\u6cfd", "gender": "\u7537", "position": 11, "department": 2, "company": 45, "phone": "13823719880", "tel": null, "remark": "", "create_time": "2018-06-20", "modify_time": "2018-06-20"}}, {"model": "data.employees", "pk": 60, "fields": {"name": "\u9ec4\u521a", "gender": "\u7537", "position": 12, "department": 3, "company": 46, "phone": "13926287326", "tel": null, "remark": "", "create_time": "2018-06-20", "modify_time": "2018-06-20"}}, {"model": "data.employees", "pk": 61, "fields": {"name": "\u9ec4\u5065", "gender": "\u7537", "position": 12, "department": 10, "company": 47, "phone": "15527580557", "tel": null, "remark": "", "create_time": "2018-06-20", "modify_time": "2018-06-20"}}, {"model": "data.employees", "pk": 62, "fields": {"name": "\u6768\u660e", "gender": "\u7537", "position": 13, "department": 1, "company": 48, "phone": "13429885541", "tel": null, "remark": "", "create_time": "2018-06-20", "modify_time": "2018-06-20"}}, {"model": "data.employees", "pk": 63, "fields": {"name": "\u9ec4\u660e", "gender": "\u7537", "position": 12, "department": 3, "company": 49, "phone": "15172341017", "tel": null, "remark": "", "create_time": "2018-06-20", "modify_time": "2018-06-20"}}, {"model": "data.employees", "pk": 64, "fields": {"name": "\u6768\u91d1\u8475", "gender": "\u7537", "position": 12, "department": 2, "company": 48, "phone": "18062517596", "tel": null, "remark": "", "create_time": "2018-06-20", "modify_time": "2018-06-20"}}, {"model": "data.employees", "pk": 65, "fields": {"name": "\u80e1\u6653\u4e3d", "gender": "\u5973", "position": 12, "department": 3, "company": 50, "phone": "13971797330", "tel": null, "remark": "", "create_time": "2018-06-20", "modify_time": "2018-06-20"}}, {"model": "data.employees", "pk": 66, "fields": {"name": "\u5218\u7ea2\u82b1", "gender": "\u5973", "position": 11, "department": 6, "company": 51, "phone": "13697339778", "tel": null, "remark": "", "create_time": "2018-06-20", "modify_time": "2018-06-20"}}, {"model": "data.employees", "pk": 67, "fields": {"name": "\u6768\u8273\u4e3d", "gender": "\u5973", "position": 12, "department": 3, "company": 52, "phone": "02759849583", "tel": null, "remark": "", "create_time": "2018-06-20", "modify_time": "2018-06-20"}}, {"model": "data.employees", "pk": 68, "fields": {"name": "\u5218\u4e3d\u4e3d", "gender": "\u5973", "position": 12, "department": 3, "company": 53, "phone": "15377578730", "tel": null, "remark": "", "create_time": "2018-06-20", "modify_time": "2018-06-20"}}, {"model": "data.employees", "pk": 69, "fields": {"name": "\u7f57\u67ab", "gender": "\u5973", "position": 12, "department": 3, "company": 54, "phone": "13207111966", "tel": null, "remark": "", "create_time": "2018-06-20", "modify_time": "2018-06-20"}}, {"model": "data.employees", "pk": 70, "fields": {"name": "\u5218\u9f50\u6d9b", "gender": "\u7537", "position": 12, "department": 3, "company": 55, "phone": "18971953279", "tel": null, "remark": "", "create_time": "2018-06-20", "modify_time": "2018-06-20"}}, {"model": "data.employees", "pk": 71, "fields": {"name": "\u5218\u4f73\u4f0d", "gender": "\u7537", "position": 11, "department": 1, "company": 56, "phone": "15927112155", "tel": null, "remark": "", "create_time": "2018-06-20", "modify_time": "2018-06-20"}}, {"model": "data.employees", "pk": 72, "fields": {"name": "\u674e\u6770", "gender": "\u7537", "position": 19, "department": 12, "company": 57, "phone": "1300635712", "tel": null, "remark": "", "create_time": "2018-06-20", "modify_time": "2018-06-20"}}, {"model": "data.employees", "pk": 73, "fields": {"name": "\u674e\u5c01\u521a", "gender": "\u7537", "position": 13, "department": 6, "company": 58, "phone": "13907236707", "tel": null, "remark": "", "create_time": "2018-06-20", "modify_time": "2018-06-20"}}, {"model": "data.employees", "pk": 74, "fields": {"name": "\u674e\u79cb\u6beb", "gender": "\u7537", "position": 11, "department": 6, "company": 59, "phone": "17826639376", "tel": null, "remark": "", "create_time": "2018-06-20", "modify_time": "2018-06-20"}}, {"model": "data.employees", "pk": 75, "fields": {"name": "\u674e\u7fe0\u840d", "gender": "\u5973", "position": 13, "department": 6, "company": 50, "phone": "18674086855", "tel": null, "remark": "", "create_time": "2018-06-20", "modify_time": "2018-06-20"}}, {"model": "data.employees", "pk": 76, "fields": {"name": "\u5ed6\u6770", "gender": "\u7537", "position": 13, "department": 1, "company": 60, "phone": "18271489268", "tel": null, "remark": "", "create_time": "2018-06-20", "modify_time": "2018-06-20"}}, {"model": "data.employees", "pk": 77, "fields": {"name": "\u674e\u4e00\u767d", "gender": "\u7537", "position": 12, "department": 2, "company": 61, "phone": "15294826113", "tel": null, "remark": "", "create_time": "2018-06-20", "modify_time": "2018-06-20"}}, {"model": "data.employees", "pk": 78, "fields": {"name": "\u5218\u56fd\u751f", "gender": "\u7537", "position": 11, "department": 3, "company": 62, "phone": "18627178956", "tel": null, "remark": "", "create_time": "2018-06-20", "modify_time": "2018-06-20"}}, {"model": "data.employees", "pk": 79, "fields": {"name": "\u674e\u521a", "gender": "\u7537", "position": 11, "department": 8, "company": 63, "phone": "13986101835", "tel": null, "remark": "", "create_time": "2018-06-20", "modify_time": "2018-06-20"}}, {"model": "data.employees", "pk": 80, "fields": {"name": "\u5218\u96e8\u5cf0", "gender": "\u7537", "position": 19, "department": 6, "company": 64, "phone": "13986008037", "tel": null, "remark": "", "create_time": "2018-06-20", "modify_time": "2018-06-20"}}, {"model": "data.employees", "pk": 81, "fields": {"name": "\u9f99\u83ca\u7ea2", "gender": "\u5973", "position": 11, "department": 3, "company": 65, "phone": "15827398118", "tel": null, "remark": "", "create_time": "2018-06-20", "modify_time": "2018-06-20"}}, {"model": "data.employees", "pk": 82, "fields": {"name": "\u674e\u521d\u671b", "gender": "\u7537", "position": 11, "department": 3, "company": 66, "phone": "15271896818", "tel": null, "remark": "", "create_time": "2018-06-20", "modify_time": "2018-06-20"}}, {"model": "data.employees", "pk": 83, "fields": {"name": "\u7f57\u5e73", "gender": "\u7537", "position": 13, "department": 1, "company": 62, "phone": "13628640926", "tel": null, "remark": "", "create_time": "2018-06-20", "modify_time": "2018-06-20"}}, {"model": "data.employees", "pk": 84, "fields": {"name": "\u5218\u826f\u658c", "gender": "\u7537", "position": 11, "department": 2, "company": 67, "phone": "13995618416", "tel": null, "remark": "", "create_time": "2018-06-20", "modify_time": "2018-06-20"}}, {"model": "data.employees", "pk": 85, "fields": {"name": "\u7f57\u5bb6\u4fca", "gender": "\u7537", "position": 12, "department": 3, "company": 5, "phone": "13247251106", "tel": null, "remark": "", "create_time": "2018-06-20", "modify_time": "2018-06-20"}}, {"model": "data.employees", "pk": 86, "fields": {"name": "\u90b5\u7231\u7ea2", "gender": "\u5973", "position": 11, "department": 3, "company": 68, "phone": "13545376071", "tel": null, "remark": "", "create_time": "2018-06-20", "modify_time": "2018-06-20"}}, {"model": "data.employees", "pk": 87, "fields": {"name": "\u5ed6\u73b2", "gender": "\u5973", "position": 12, "department": 3, "company": 69, "phone": "13296658451", "tel": null, "remark": "", "create_time": "2018-06-20", "modify_time": "2018-06-20"}}, {"model": "data.employees", "pk": 88, "fields": {"name": "\u5362\u6c49\u5fe0", "gender": "\u7537", "position": 12, "department": 2, "company": 70, "phone": "13260635722", "tel": null, "remark": "", "create_time": "2018-06-20", "modify_time": "2018-06-20"}}, {"model": "data.employees", "pk": 89, "fields": {"name": "\u5218\u82ac", "gender": "\u5973", "position": 11, "department": 3, "company": 71, "phone": "15907123200", "tel": null, "remark": "", "create_time": "2018-06-20", "modify_time": "2018-06-20"}}, {"model": "data.employees", "pk": 90, "fields": {"name": "\u674e\u745e", "gender": "\u7537", "position": 13, "department": 6, "company": 72, "phone": "15927289692", "tel": null, "remark": "", "create_time": "2018-06-20", "modify_time": "2018-06-20"}}, {"model": "data.employees", "pk": 91, "fields": {"name": "\u9f9a\u9f99\u5a1f", "gender": "\u7537", "position": 11, "department": 6, "company": 60, "phone": "13995595230", "tel": null, "remark": "", "create_time": "2018-06-20", "modify_time": "2018-06-20"}}, {"model": "data.employees", "pk": 92, "fields": {"name": "\u5218\u6770", "gender": "\u7537", "position": 12, "department": 2, "company": 73, "phone": "13307106977", "tel": null, "remark": "", "create_time": "2018-06-20", "modify_time": "2018-06-20"}}, {"model": "data.employees", "pk": 93, "fields": {"name": "\u674e\u6587\u5065", "gender": "\u7537", "position": 11, "department": 8, "company": 74, "phone": "18620699028", "tel": null, "remark": "", "create_time": "2018-06-20", "modify_time": "2018-06-20"}}, {"model": "data.employees", "pk": 94, "fields": {"name": "\u5218\u6676", "gender": "\u5973", "position": 11, "department": 3, "company": 75, "phone": "13995508830", "tel": null, "remark": "", "create_time": "2018-06-20", "modify_time": "2018-06-20"}}, {"model": "data.employees", "pk": 95, "fields": {"name": "\u9648\u7ec4\u5175", "gender": "\u7537", "position": 11, "department": 8, "company": 76, "phone": "13971210222", "tel": null, "remark": "", "create_time": "2018-06-20", "modify_time": "2018-06-20"}}, {"model": "data.employees", "pk": 96, "fields": {"name": "\u9648\u6b66\u658c", "gender": "\u7537", "position": 14, "department": 8, "company": 77, "phone": "13607143333", "tel": null, "remark": "", "create_time": "2018-06-20", "modify_time": "2018-06-20"}}, {"model": "data.employees", "pk": 97, "fields": {"name": "\u9619\u6c38\u660e", "gender": "\u7537", "position": 14, "department": 8, "company": 78, "phone": "13606137159", "tel": null, "remark": "", "create_time": "2018-06-20", "modify_time": "2018-06-20"}}, {"model": "data.employees", "pk": 98, "fields": {"name": "\u674e\u864e", "gender": "\u7537", "position": 16, "department": 1, "company": 79, "phone": "13477033203", "tel": null, "remark": "", "create_time": "2018-06-20", "modify_time": "2018-06-20"}}, {"model": "data.employees", "pk": 99, "fields": {"name": "\u5218\u7ef4", "gender": "\u5973", "position": 11, "department": 3, "company": 80, "phone": "13071236189", "tel": null, "remark": "", "create_time": "2018-06-20", "modify_time": "2018-06-20"}}, {"model": "data.employees", "pk": 100, "fields": {"name": "\u5218\u6c5f", "gender": "\u7537", "position": 11, "department": 8, "company": 81, "phone": "18696194799", "tel": null, "remark": "", "create_time": "2018-06-20", "modify_time": "2018-06-20"}}, {"model": "data.employees", "pk": 101, "fields": {"name": "\u674e\u4ece\u5143", "gender": "\u7537", "position": 13, "department": 1, "company": 82, "phone": "18171518725", "tel": null, "remark": "", "create_time": "2018-06-20", "modify_time": "2018-06-20"}}, {"model": "data.employees", "pk": 102, "fields": {"name": "\u5218\u5e73", "gender": "\u7537", "position": 12, "department": 3, "company": 83, "phone": "15927105263", "tel": null, "remark": "", "create_time": "2018-06-20", "modify_time": "2018-06-20"}}, {"model": "data.employees", "pk": 103, "fields": {"name": "\u5218\u660a", "gender": "\u7537", "position": 13, "department": 3, "company": 9, "phone": "18621735302", "tel": null, "remark": "", "create_time": "2018-06-20", "modify_time": "2018-06-20"}}, {"model": "data.employees", "pk": 104, "fields": {"name": "\u6bdb\u519b", "gender": "\u7537", "position": 13, "department": 6, "company": 84, "phone": "15327362936", "tel": null, "remark": "", "create_time": "2018-06-20", "modify_time": "2018-06-20"}}, {"model": "data.employees", "pk": 105, "fields": {"name": "\u90b5\u6c38\u54f2", "gender": "\u7537", "position": 17, "department": 13, "company": 85, "phone": "18971539640", "tel": null, "remark": "", "create_time": "2018-06-20", "modify_time": "2018-06-20"}}, {"model": "data.employees", "pk": 106, "fields": {"name": "\u5b81\u5174\u4e9a", "gender": "\u7537", "position": 14, "department": 8, "company": 23, "phone": "13958097925", "tel": null, "remark": "", "create_time": "2018-06-20", "modify_time": "2018-06-20"}}, {"model": "data.employees", "pk": 107, "fields": {"name": "\u5f6d\u519b", "gender": "\u7537", "position": 16, "department": 14, "company": 86, "phone": "13476028063", "tel": null, "remark": "", "create_time": "2018-06-20", "modify_time": "2018-06-20"}}, {"model": "data.employees", "pk": 108, "fields": {"name": "\u5f6d\u5c0f\u4e9a", "gender": "\u5973", "position": 12, "department": 3, "company": 16, "phone": "18571469074", "tel": null, "remark": "", "create_time": "2018-06-20", "modify_time": "2018-06-20"}}, {"model": "data.employees", "pk": 109, "fields": {"name": "\u5f6d\u632f\u5b87", "gender": "\u7537", "position": 11, "department": 3, "company": 87, "phone": "18771114669", "tel": null, "remark": "", "create_time": "2018-06-20", "modify_time": "2018-06-20"}}, {"model": "data.employees", "pk": 110, "fields": {"name": "\u6f58\u6620\u7ea2", "gender": "\u5973", "position": 14, "department": 8, "company": 24, "phone": "13098899972", "tel": null, "remark": "", "create_time": "2018-06-20", "modify_time": "2018-06-20"}}, {"model": "data.employees", "pk": 111, "fields": {"name": "\u6f58\u65ed\u6587", "gender": "\u7537", "position": 15, "department": 8, "company": 24, "phone": "13995647106", "tel": null, "remark": "", "create_time": "2018-06-20", "modify_time": "2018-06-20"}}, {"model": "data.employees", "pk": 112, "fields": {"name": "\u5f6d\u4eae", "gender": "\u7537", "position": 12, "department": 2, "company": 88, "phone": "13296666237", "tel": null, "remark": "", "create_time": "2018-06-20", "modify_time": "2018-06-20"}}, {"model": "data.employees", "pk": 113, "fields": {"name": "\u5f6d\u6653\u7434", "gender": "\u5973", "position": 12, "department": 3, "company": 50, "phone": "15007107593", "tel": null, "remark": "", "create_time": "2018-06-20", "modify_time": "2018-06-20"}}, {"model": "data.employees", "pk": 114, "fields": {"name": "\u7941\u6dcb", "gender": "\u7537", "position": 19, "department": 2, "company": 89, "phone": "15927220112", "tel": null, "remark": "", "create_time": "2018-06-20", "modify_time": "2018-06-20"}}, {"model": "data.employees", "pk": 115, "fields": {"name": "\u94b1\u6668", "gender": "\u7537", "position": 13, "department": 1, "company": 90, "phone": "13971286585", "tel": null, "remark": "", "create_time": "2018-06-20", "modify_time": "2018-06-20"}}, {"model": "data.employees", "pk": 116, "fields": {"name": "\u90b1\u5fb7\u534e", "gender": "\u7537", "position": 11, "department": 3, "company": 91, "phone": "13871001269", "tel": null, "remark": "", "create_time": "2018-06-20", "modify_time": "2018-06-20"}}, {"model": "data.employees", "pk": 117, "fields": {"name": "\u79e6\u7434", "gender": "\u5973", "position": 12, "department": 3, "company": 92, "phone": "13627275634", "tel": null, "remark": "", "create_time": "2018-06-20", "modify_time": "2018-06-20"}}, {"model": "data.employees", "pk": 118, "fields": {"name": "\u94b1\u56fd\u653e", "gender": "\u7537", "position": 14, "department": 8, "company": 45, "phone": "13986170966", "tel": null, "remark": "", "create_time": "2018-06-20", "modify_time": "2018-06-20"}}, {"model": "data.employees", "pk": 119, "fields": {"name": "\u66f9\u7433", "gender": "\u5973", "position": 13, "department": 3, "company": 93, "phone": "13098836066", "tel": null, "remark": "", "create_time": "2018-06-20", "modify_time": "2018-06-20"}}, {"model": "data.employees", "pk": 120, "fields": {"name": "\u9ad8\u7490", "gender": "\u5973", "position": 12, "department": 3, "company": 94, "phone": "13971659619", "tel": null, "remark": "", "create_time": "2018-06-20", "modify_time": "2018-06-20"}}, {"model": "data.employees", "pk": 121, "fields": {"name": "\u674e\u806a", "gender": "\u7537", "position": 11, "department": 3, "company": 95, "phone": "15071045335", "tel": null, "remark": "", "create_time": "2018-06-20", "modify_time": "2018-06-20"}}, {"model": "data.employees", "pk": 122, "fields": {"name": "\u5b59\u4f1f", "gender": "\u7537", "position": 11, "department": 3, "company": 83, "phone": "18627772492", "tel": null, "remark": "", "create_time": "2018-06-20", "modify_time": "2018-06-20"}}, {"model": "data.employees", "pk": 123, "fields": {"name": "\u9648\u8273", "gender": "\u5973", "position": 12, "department": 3, "company": 96, "phone": "18086661068", "tel": null, "remark": "", "create_time": "2018-06-20", "modify_time": "2018-06-20"}}, {"model": "data.employees", "pk": 124, "fields": {"name": "\u77f3\u6ce2", "gender": "\u7537", "position": 13, "department": 6, "company": 5, "phone": "15927425381", "tel": null, "remark": "", "create_time": "2018-06-20", "modify_time": "2018-06-20"}}, {"model": "data.employees", "pk": 125, "fields": {"name": "\u8212\u6d77", "gender": "\u7537", "position": 11, "department": 3, "company": 21, "phone": "15871714971", "tel": null, "remark": "", "create_time": "2018-06-20", "modify_time": "2018-06-20"}}, {"model": "data.employees", "pk": 126, "fields": {"name": "\u5b59\u987a", "gender": "\u7537", "position": 13, "department": 1, "company": 64, "phone": "13308644188", "tel": null, "remark": "", "create_time": "2018-06-20", "modify_time": "2018-06-20"}}, {"model": "data.employees", "pk": 127, "fields": {"name": "\u66f9\u53cb\u5174", "gender": "\u7537", "position": 19, "department": 2, "company": 97, "phone": "13638691376", "tel": null, "remark": "", "create_time": "2018-06-20", "modify_time": "2018-06-20"}}, {"model": "data.employees", "pk": 128, "fields": {"name": "\u4e30\u5b87\u73cd", "gender": "\u7537", "position": 12, "department": 3, "company": 93, "phone": "13667273010", "tel": null, "remark": "", "create_time": "2018-06-20", "modify_time": "2018-06-20"}}, {"model": "data.employees", "pk": 129, "fields": {"name": "\u6f58\u73af", "gender": "\u5973", "position": 12, "department": 3, "company": 93, "phone": "13995527860", "tel": null, "remark": "", "create_time": "2018-06-20", "modify_time": "2018-06-20"}}, {"model": "data.employees", "pk": 130, "fields": {"name": "\u590f\u9648\u5353", "gender": "\u7537", "position": 11, "department": 2, "company": 94, "phone": "18621014679", "tel": null, "remark": "", "create_time": "2018-06-20", "modify_time": "2018-06-20"}}, {"model": "data.employees", "pk": 131, "fields": {"name": "\u7530\u822a", "gender": "\u7537", "position": 12, "department": 3, "company": 98, "phone": "18062056782", "tel": null, "remark": "", "create_time": "2018-06-20", "modify_time": "2018-06-20"}}, {"model": "data.employees", "pk": 132, "fields": {"name": "\u7530\u534e", "gender": "\u5973", "position": 11, "department": 3, "company": 99, "phone": "15527573033", "tel": null, "remark": "", "create_time": "2018-06-20", "modify_time": "2018-06-20"}}, {"model": "data.employees", "pk": 133, "fields": {"name": "\u8c2d\u798f\u6e05", "gender": "\u7537", "position": 12, "department": 3, "company": 19, "phone": "18930300723", "tel": null, "remark": "", "create_time": "2018-06-20", "modify_time": "2018-06-20"}}, {"model": "data.employees", "pk": 134, "fields": {"name": "\u5510\u70e8", "gender": "\u7537", "position": 12, "department": 3, "company": 100, "phone": "15827440621", "tel": null, "remark": "", "create_time": "2018-06-20", "modify_time": "2018-06-20"}}, {"model": "data.employees", "pk": 135, "fields": {"name": "\u7ae5\u66fc", "gender": "\u5973", "position": 12, "department": 3, "company": 19, "phone": "15926283651", "tel": null, "remark": "", "create_time": "2018-06-20", "modify_time": "2018-06-20"}}, {"model": "data.employees", "pk": 136, "fields": {"name": "\u5321\u5efa\u6587", "gender": "\u7537", "position": 13, "department": 1, "company": 101, "phone": "13797052750", "tel": null, "remark": "", "create_time": "2018-06-20", "modify_time": "2018-06-20"}}, {"model": "data.employees", "pk": 137, "fields": {"name": "\u7ae5\u4f1f\u534e", "gender": "\u5973", "position": 11, "department": 3, "company": 102, "phone": "18627170743", "tel": null, "remark": "", "create_time": "2018-06-20", "modify_time": "2018-06-20"}}, {"model": "data.employees", "pk": 138, "fields": {"name": "\u7ae5\u60e0\u5e73", "gender": "\u5973", "position": 11, "department": 3, "company": 103, "phone": "18672769367", "tel": null, "remark": "", "create_time": "2018-06-20", "modify_time": "2018-06-20"}}, {"model": "data.employees", "pk": 139, "fields": {"name": "\u7ae5\u5fe0\u4f1f", "gender": "\u7537", "position": 11, "department": 3, "company": 73, "phone": "18627866266", "tel": null, "remark": "", "create_time": "2018-06-20", "modify_time": "2018-06-20"}}, {"model": "data.employees", "pk": 140, "fields": {"name": "\u7ae5\u8d85", "gender": "\u7537", "position": 11, "department": 1, "company": 104, "phone": "13607146064", "tel": null, "remark": "", "create_time": "2018-06-20", "modify_time": "2018-06-20"}}, {"model": "data.employees", "pk": 141, "fields": {"name": "\u7530\u6d9b", "gender": "\u7537", "position": 13, "department": 1, "company": 25, "phone": "18062144460", "tel": null, "remark": "", "create_time": "2018-06-20", "modify_time": "2018-06-20"}}, {"model": "data.employees", "pk": 142, "fields": {"name": "\u738b\u4f73", "gender": "\u7537", "position": 12, "department": 3, "company": 17, "phone": "13476852960", "tel": null, "remark": "", "create_time": "2018-06-20", "modify_time": "2018-06-20"}}, {"model": "data.employees", "pk": 143, "fields": {"name": "\u738b\u9707", "gender": "\u7537", "position": 12, "department": 3, "company": 60, "phone": "18971237768", "tel": null, "remark": "", "create_time": "2018-06-20", "modify_time": "2018-06-20"}}, {"model": "data.employees", "pk": 144, "fields": {"name": "\u6c6a\u5b58\u4e1c", "gender": "\u7537", "position": 11, "department": 3, "company": 105, "phone": "18986113169", "tel": null, "remark": "", "create_time": "2018-06-20", "modify_time": "2018-06-20"}}, {"model": "data.employees", "pk": 145, "fields": {"name": "\u5434\u5029", "gender": "\u5973", "position": 11, "department": 3, "company": 33, "phone": "13807158433", "tel": null, "remark": "", "create_time": "2018-06-20", "modify_time": "2018-06-20"}}, {"model": "data.employees", "pk": 146, "fields": {"name": "\u5434\u677e\u6797", "gender": "\u7537", "position": 11, "department": 1, "company": 106, "phone": "13419681972", "tel": null, "remark": "", "create_time": "2018-06-20", "modify_time": "2018-06-20"}}, {"model": "data.employees", "pk": 147, "fields": {"name": "\u738b\u91d1\u9e4f", "gender": "\u7537", "position": 11, "department": 8, "company": 107, "phone": "18827358980", "tel": null, "remark": "", "create_time": "2018-06-20", "modify_time": "2018-06-20"}}, {"model": "data.employees", "pk": 148, "fields": {"name": "\u6768\u821f", "gender": "\u7537", "position": 20, "department": 1, "company": 72, "phone": "13476029553", "tel": null, "remark": "", "create_time": "2018-06-20", "modify_time": "2018-06-20"}}, {"model": "data.employees", "pk": 149, "fields": {"name": "\u738b\u5a1f", "gender": "\u5973", "position": 11, "department": 3, "company": 108, "phone": "13100718565", "tel": null, "remark": "", "create_time": "2018-06-20", "modify_time": "2018-06-20"}}, {"model": "data.employees", "pk": 150, "fields": {"name": "\u9b4f\u6dd1\u5a1f", "gender": "\u5973", "position": 11, "department": 3, "company": 46, "phone": "15502139401", "tel": null, "remark": "", "create_time": "2018-06-20", "modify_time": "2018-06-20"}}, {"model": "data.employees", "pk": 151, "fields": {"name": "\u738b\u51ef", "gender": "\u7537", "position": 11, "department": 3, "company": 109, "phone": "13971387327", "tel": null, "remark": "", "create_time": "2018-06-20", "modify_time": "2018-06-20"}}, {"model": "data.employees", "pk": 152, "fields": {"name": "\u738b\u4e89\u6ce2", "gender": "\u7537", "position": 11, "department": 6, "company": 72, "phone": "13720335876", "tel": null, "remark": "", "create_time": "2018-06-20", "modify_time": "2018-06-20"}}, {"model": "data.employees", "pk": 153, "fields": {"name": "\u5468\u65cb", "gender": "\u5973", "position": 13, "department": 3, "company": 111, "phone": "18607118158", "tel": null, "remark": "", "create_time": "2018-06-20", "modify_time": "2018-06-20"}}, {"model": "data.employees", "pk": 154, "fields": {"name": "\u738b\u5a1f", "gender": "\u5973", "position": 11, "department": 3, "company": 110, "phone": "13657242969", "tel": null, "remark": "", "create_time": "2018-06-20", "modify_time": "2018-06-20"}}, {"model": "data.employees", "pk": 155, "fields": {"name": "\u738b\u8d85", "gender": "\u7537", "position": 12, "department": 3, "company": 111, "phone": "13871060304", "tel": null, "remark": "", "create_time": "2018-06-20", "modify_time": "2018-06-20"}}, {"model": "data.employees", "pk": 156, "fields": {"name": "\u738b\u529f\u5764", "gender": "\u7537", "position": 12, "department": 2, "company": 112, "phone": "13469966921", "tel": null, "remark": "", "create_time": "2018-06-20", "modify_time": "2018-06-20"}}, {"model": "data.employees", "pk": 157, "fields": {"name": "\u5434\u654f", "gender": "\u7537", "position": 11, "department": 1, "company": 113, "phone": "15207166388", "tel": null, "remark": "", "create_time": "2018-06-20", "modify_time": "2018-06-20"}}, {"model": "data.employees", "pk": 158, "fields": {"name": "\u5434\u601d\u660e", "gender": "\u7537", "position": 12, "department": 3, "company": 114, "phone": "18827018968", "tel": null, "remark": "", "create_time": "2018-06-20", "modify_time": "2018-06-20"}}, {"model": "data.employees", "pk": 159, "fields": {"name": "\u738b\u5065\u658c", "gender": "\u7537", "position": 14, "department": 8, "company": 103, "phone": "18605178780", "tel": null, "remark": "", "create_time": "2018-06-20", "modify_time": "2018-06-20"}}, {"model": "data.employees", "pk": 160, "fields": {"name": "\u738b\u667a\u52c7", "gender": "\u7537", "position": 13, "department": 6, "company": 115, "phone": "13407164018", "tel": null, "remark": "", "create_time": "2018-06-20", "modify_time": "2018-06-20"}}, {"model": "data.employees", "pk": 161, "fields": {"name": "\u5411\u524d", "gender": "\u7537", "position": 15, "department": 8, "company": 116, "phone": "15800733639", "tel": null, "remark": "", "create_time": "2018-06-20", "modify_time": "2018-06-20"}}, {"model": "data.employees", "pk": 162, "fields": {"name": "\u5411\u5251\u6ce2", "gender": "\u7537", "position": 14, "department": 8, "company": 117, "phone": "13655768020", "tel": null, "remark": "", "create_time": "2018-06-20", "modify_time": "2018-06-20"}}, {"model": "data.employees", "pk": 163, "fields": {"name": "\u8096\u5229\u5170", "gender": "\u5973", "position": 12, "department": 3, "company": 118, "phone": "15671157071", "tel": null, "remark": "", "create_time": "2018-06-20", "modify_time": "2018-06-20"}}, {"model": "data.employees", "pk": 164, "fields": {"name": "\u5f90\u829d\u6885", "gender": "\u5973", "position": 11, "department": 8, "company": 119, "phone": "13971337628", "tel": null, "remark": "", "create_time": "2018-06-20", "modify_time": "2018-06-20"}}, {"model": "data.employees", "pk": 165, "fields": {"name": "\u5411\u4e91\u8f89", "gender": "\u7537", "position": 12, "department": 2, "company": 82, "phone": "18171518673", "tel": null, "remark": "", "create_time": "2018-06-20", "modify_time": "2018-06-20"}}, {"model": "data.employees", "pk": 166, "fields": {"name": "\u6768\u5eb7", "gender": "\u7537", "position": 11, "department": 1, "company": 120, "phone": "15871744575", "tel": null, "remark": "", "create_time": "2018-06-20", "modify_time": "2018-06-20"}}, {"model": "data.employees", "pk": 167, "fields": {"name": "\u6768\u536b\u6c5f", "gender": "\u7537", "position": 13, "department": 1, "company": 25, "phone": "15298536954", "tel": null, "remark": "", "create_time": "2018-06-20", "modify_time": "2018-06-20"}}, {"model": "data.employees", "pk": 168, "fields": {"name": "\u8881\u57f9", "gender": "\u5973", "position": 12, "department": 3, "company": 50, "phone": "15307195330", "tel": null, "remark": "", "create_time": "2018-06-20", "modify_time": "2018-06-20"}}, {"model": "data.employees", "pk": 169, "fields": {"name": "\u59da\u91d1\u4f1f", "gender": "\u7537", "position": 11, "department": 8, "company": 66, "phone": "18507281567", "tel": null, "remark": "", "create_time": "2018-06-20", "modify_time": "2018-06-20"}}, {"model": "data.employees", "pk": 170, "fields": {"name": "\u59da\u4f1f", "gender": "\u7537", "position": 12, "department": 2, "company": 121, "phone": "13618616735", "tel": null, "remark": "", "create_time": "2018-06-20", "modify_time": "2018-06-20"}}, {"model": "data.employees", "pk": 171, "fields": {"name": "\u6768\u6cbb\u718a", "gender": "\u7537", "position": 11, "department": 2, "company": 122, "phone": "13517200842", "tel": null, "remark": "", "create_time": "2018-06-20", "modify_time": "2018-06-20"}}, {"model": "data.employees", "pk": 172, "fields": {"name": "\u59da\u8273\u534e", "gender": "\u5973", "position": 11, "department": 3, "company": 123, "phone": "15347101488", "tel": null, "remark": "", "create_time": "2018-06-20", "modify_time": "2018-06-20"}}, {"model": "data.employees", "pk": 173, "fields": {"name": "\u4f59\u5357\u8f89", "gender": "\u7537", "position": 14, "department": 8, "company": 124, "phone": "13037180707", "tel": null, "remark": "", "create_time": "2018-06-20", "modify_time": "2018-06-20"}}, {"model": "data.employees", "pk": 174, "fields": {"name": "\u6bb7\u8f89", "gender": "\u7537", "position": 12, "department": 3, "company": 125, "phone": "13871297891", "tel": null, "remark": "", "create_time": "2018-06-20", "modify_time": "2018-06-20"}}, {"model": "data.employees", "pk": 175, "fields": {"name": "\u6768\u4f20\u8f89", "gender": "\u7537", "position": 12, "department": 3, "company": 111, "phone": "13995510223", "tel": null, "remark": "", "create_time": "2018-06-20", "modify_time": "2018-06-20"}}, {"model": "data.employees", "pk": 176, "fields": {"name": "\u6768\u78ca", "gender": "\u7537", "position": 12, "department": 3, "company": 126, "phone": "18627163750", "tel": null, "remark": "", "create_time": "2018-06-20", "modify_time": "2018-06-20"}}, {"model": "data.employees", "pk": 177, "fields": {"name": "\u6bb7\u5fd7\u9ad8", "gender": "\u7537", "position": 16, "department": 3, "company": 127, "phone": "15927193359", "tel": null, "remark": "", "create_time": "2018-06-20", "modify_time": "2018-06-20"}}, {"model": "data.employees", "pk": 178, "fields": {"name": "\u8881\u4e9a\u975e", "gender": "\u7537", "position": 14, "department": 8, "company": 128, "phone": "13986252920", "tel": null, "remark": "", "create_time": "2018-06-20", "modify_time": "2018-06-20"}}, {"model": "data.employees", "pk": 179, "fields": {"name": "\u6768\u6d69", "gender": "\u7537", "position": 12, "department": 3, "company": 129, "phone": "18707149876", "tel": null, "remark": "", "create_time": "2018-06-20", "modify_time": "2018-06-20"}}, {"model": "data.employees", "pk": 180, "fields": {"name": "\u6731\u68a6\u6d9b", "gender": "\u7537", "position": 11, "department": 6, "company": 125, "phone": "18062428936", "tel": null, "remark": "", "create_time": "2018-06-20", "modify_time": "2018-06-20"}}, {"model": "data.employees", "pk": 181, "fields": {"name": "\u6731\u78ca", "gender": "\u7537", "position": 11, "department": 2, "company": 115, "phone": "13971471602", "tel": null, "remark": "", "create_time": "2018-06-20", "modify_time": "2018-06-20"}}, {"model": "data.employees", "pk": 182, "fields": {"name": "\u8d75\u6ee1\u7ea2", "gender": "\u5973", "position": 11, "department": 6, "company": 130, "phone": "13886134556", "tel": null, "remark": "", "create_time": "2018-06-20", "modify_time": "2018-06-20"}}, {"model": "data.employees", "pk": 183, "fields": {"name": "\u5f20\u6d0b", "gender": "\u7537", "position": 12, "department": 2, "company": 131, "phone": "18942124826", "tel": null, "remark": "", "create_time": "2018-06-20", "modify_time": "2018-06-20"}}, {"model": "data.employees", "pk": 184, "fields": {"name": "\u90d1\u65ed\u4fdd", "gender": "\u7537", "position": 13, "department": 1, "company": 116, "phone": "13871020748", "tel": null, "remark": "", "create_time": "2018-06-20", "modify_time": "2018-06-20"}}, {"model": "data.employees", "pk": 185, "fields": {"name": "\u5f20\u5149\u5174", "gender": "\u7537", "position": 13, "department": 1, "company": 39, "phone": "15927033820", "tel": null, "remark": "", "create_time": "2018-06-20", "modify_time": "2018-06-20"}}, {"model": "data.employees", "pk": 186, "fields": {"name": "\u5b97\u58f0", "gender": "\u7537", "position": 13, "department": 2, "company": 132, "phone": "13720186873", "tel": null, "remark": "", "create_time": "2018-06-20", "modify_time": "2018-06-20"}}, {"model": "data.employees", "pk": 187, "fields": {"name": "\u5f20\u751f\u7965", "gender": "\u7537", "position": 14, "department": 8, "company": 133, "phone": "13986273195", "tel": null, "remark": "", "create_time": "2018-06-20", "modify_time": "2018-06-20"}}, {"model": "data.employees", "pk": 188, "fields": {"name": "\u90d1\u76ca\u534e", "gender": "\u7537", "position": 14, "department": 8, "company": 134, "phone": "13871019169", "tel": null, "remark": "", "create_time": "2018-06-20", "modify_time": "2018-06-20"}}, {"model": "data.employees", "pk": 189, "fields": {"name": "\u90d1\u632f", "gender": "\u7537", "position": 12, "department": 3, "company": 135, "phone": "13871514773", "tel": null, "remark": "", "create_time": "2018-06-20", "modify_time": "2018-06-20"}}, {"model": "data.employees", "pk": 190, "fields": {"name": "\u9f99\u51ef", "gender": "\u7537", "position": 11, "department": 2, "company": 136, "phone": "13476101612", "tel": null, "remark": "", "create_time": "2018-06-20", "modify_time": "2018-06-20"}}, {"model": "data.employees", "pk": 191, "fields": {"name": "\u5f20\u66f0\u5370", "gender": "\u7537", "position": 12, "department": 5, "company": 7, "phone": "15902730318", "tel": null, "remark": "", "create_time": "2018-06-20", "modify_time": "2018-06-20"}}, {"model": "data.employees", "pk": 192, "fields": {"name": "\u90d1\u65ed\u4e1c", "gender": "\u7537", "position": 14, "department": 8, "company": 30, "phone": "13808674105", "tel": null, "remark": "", "create_time": "2018-06-20", "modify_time": "2018-06-20"}}, {"model": "data.employees", "pk": 193, "fields": {"name": "\u5f20\u5c0f\u5e73", "gender": "\u5973", "position": 11, "department": 3, "company": 137, "phone": "13638662490", "tel": null, "remark": "", "create_time": "2018-06-20", "modify_time": "2018-06-20"}}, {"model": "data.employees", "pk": 194, "fields": {"name": "\u5f20\u864e", "gender": "\u7537", "position": 11, "department": 2, "company": 68, "phone": "18062509982", "tel": null, "remark": "", "create_time": "2018-06-20", "modify_time": "2018-06-20"}}, {"model": "data.employees", "pk": 195, "fields": {"name": "\u5468\u5b66\u5cf0", "gender": "\u7537", "position": 12, "department": 13, "company": 138, "phone": "13995609272", "tel": null, "remark": "", "create_time": "2018-06-20", "modify_time": "2018-06-20"}}, {"model": "data.employees", "pk": 196, "fields": {"name": "\u5f20\u8f89", "gender": "\u7537", "position": 13, "department": 1, "company": 71, "phone": "18672929905", "tel": null, "remark": "", "create_time": "2018-06-20", "modify_time": "2018-06-20"}}, {"model": "data.employees", "pk": 197, "fields": {"name": "\u8d75\u52c7", "gender": "\u7537", "position": 11, "department": 3, "company": 139, "phone": "13971202707", "tel": null, "remark": "", "create_time": "2018-06-20", "modify_time": "2018-06-20"}}, {"model": "data.employees", "pk": 198, "fields": {"name": "\u5f20\u4e49\u521a", "gender": "\u7537", "position": 11, "department": 3, "company": 140, "phone": "15972963992", "tel": null, "remark": "", "create_time": "2018-06-20", "modify_time": "2018-06-20"}}, {"model": "data.employees", "pk": 199, "fields": {"name": "\u5468\u7ee7\u6210", "gender": "\u7537", "position": 12, "department": 2, "company": 141, "phone": "15972974466", "tel": null, "remark": "", "create_time": "2018-06-20", "modify_time": "2018-06-20"}}, {"model": "data.employees", "pk": 200, "fields": {"name": "\u5f20\u5f6c", "gender": "\u7537", "position": 11, "department": 2, "company": 138, "phone": "13367257727", "tel": null, "remark": "", "create_time": "2018-06-20", "modify_time": "2018-06-20"}}, {"model": "data.employees", "pk": 201, "fields": {"name": "\u5468\u5fd7\u5cf0", "gender": "\u7537", "position": 11, "department": 1, "company": 82, "phone": "13924906970", "tel": null, "remark": "", "create_time": "2018-06-20", "modify_time": "2018-06-20"}}, {"model": "data.employees", "pk": 202, "fields": {"name": "\u675c\u4e07\u5bff", "gender": "\u7537", "position": 17, "department": 2, "company": 142, "phone": "13451610582", "tel": null, "remark": "", "create_time": "2018-06-20", "modify_time": "2018-06-20"}}, {"model": "data.employees", "pk": 203, "fields": {"name": "\u91ce\u4e2d\u82f1\u660e", "gender": "\u7537", "position": 15, "department": 1, "company": 142, "phone": "18872100367", "tel": null, "remark": "", "create_time": "2018-06-20", "modify_time": "2018-06-20"}}, {"model": "data.employees", "pk": 204, "fields": {"name": "\u90ed\u8273\u7ea2", "gender": "\u5973", "position": 21, "department": 15, "company": 143, "phone": "17720599956", "tel": null, "remark": "", "create_time": "2018-06-20", "modify_time": "2018-06-20"}}, {"model": "data.employees", "pk": 205, "fields": {"name": "\u5b59\u8d85", "gender": "\u7537", "position": 14, "department": 8, "company": 144, "phone": "18824839918", "tel": null, "remark": "", "create_time": "2018-06-20", "modify_time": "2018-06-20"}}, {"model": "data.employees", "pk": 206, "fields": {"name": "\u8d75\u78ca", "gender": "\u7537", "position": 14, "department": 8, "company": 145, "phone": "13907100971", "tel": null, "remark": "", "create_time": "2018-06-20", "modify_time": "2018-06-20"}}, {"model": "data.employees", "pk": 207, "fields": {"name": "\u82cf\u5fd7\u701a", "gender": "\u7537", "position": 14, "department": 8, "company": 146, "phone": "13924919015", "tel": null, "remark": "", "create_time": "2018-06-20", "modify_time": "2018-06-20"}}, {"model": "data.employees", "pk": 208, "fields": {"name": "\u5434\u4e91\u6708", "gender": "\u7537", "position": 16, "department": 16, "company": 146, "phone": "18028377278", "tel": null, "remark": "", "create_time": "2018-06-20", "modify_time": "2018-06-20"}}, {"model": "data.employees", "pk": 209, "fields": {"name": "\u7941\u4f1f\u519b", "gender": "\u7537", "position": 14, "department": 8, "company": 147, "phone": "15827523362", "tel": null, "remark": "", "create_time": "2018-06-20", "modify_time": "2018-06-20"}}, {"model": "data.employees", "pk": 210, "fields": {"name": "\u77f3\u56fd\u82b1", "gender": "\u5973", "position": 12, "department": 3, "company": 129, "phone": "15827438648", "tel": null, "remark": "", "create_time": "2018-06-20", "modify_time": "2018-06-20"}}]